BaseID,Name,Level,HealthMax,ManaMax,Attack,Defence,AtkRate,SkillList,SkillParameters,Armor,Block,MagicDef,Gold,ExpGain,HealthRegen,ManaRegen,Speed
1,系统保留,1,1,0,1,1,1,,,0,0,0,1,1,0,0,3
2,荷依米,1,32,0,3,0,80,,,0,0,111,1,1,0,0,3
3,软泥怪,1,80,0,2,0,50,2,1,0,0,111,1,1,0,0,3
4,幽林鬼火,1,25,0,6,0,70,1,40,0,0,111,1,2,0,0,3
5,荷依米战士,1,42,0,5,1,90,,,0,0,111,1,2,0,0,3
6,倍荷玛,1,58,0,7,1,80,,,0,0,111,1,3,0,0,3
7,复活的死者,1,45,0,15,0,100,3,10,0,0,111,1,3,0,0,3
8,倍荷玛战士,2,80,0,11,3,90,,,0,0,111,2,4,0,0,3
9,嗜血死者,2,75,0,18,1,100,"3,4","15,2",0,0,111,3,5,0,0,3
10,寒冰软泥怪,2,300,0,2,0,30,"1,2","60,2",0,0,111,2,4,0,0,3
11,荷依米贵族,3,101,0,13,3,75,5,25,0,0,111,3,5,0,0,3
12,丛林幽影,2,122,0,11,2,185,6,50,0,0,111,3,6,0,0,3
13,流浪法师,2,96,0,12,4,100,7,30,0,0,111,3,6,0,0,3
14,运河盗匪,3,135,0,22,6,240,,,0,0,111,4,8,0,0,3
15,倍荷玛拉,3,157,0,19,8,80,,,0,0,111,4,7,0,0,3
16,倍荷玛贵族,4,178,0,20,11,75,5,25,0,0,111,4,8,0,0,3
17,剧毒死者,3,115,0,27,5,100,"2,3","3,20",0,0,111,4,8,0,0,3
18,有翼噩梦,3,184,0,23,5,130,6,25,0,0,111,4,8,0,0,3
19,运河盗匪射手,4,160,0,28,8,120,8,,0,0,111,5,12,0,0,3
20,大哥布林,4,245,0,26,12,110,,,0,0,111,5,13,0,0,3
21,青蓝幼蝠,4,138,0,35,8,140,6,35,0,0,111,6,14,0,0,3
22,倍荷玛拉战士,4,288,0,28,15,90,,,0,0,111,6,15,0,0,3
23,霍尔托,8,3600,0,144,87,125,"9,10","15-30-20,100-100",0,0,111,500,2500,0,0,3
24,训蛇士,6,1725,0,122,55,150,11,,0,0,111,80,450,0,0,3
25,运河盗匪精英,5,180,0,32,15,197,11,,0,0,111,8,21,0,0,3
26,恶魔种子,4,275,0,29,17,60,4,3,0,0,111,6,16,0,0,3
27,灵魂之火,4,107,0,45,15,82,1,160,0,0,111,7,17,0,0,3
28,守墓者,4,187,0,40,20,110,3,20,0,0,111,7,19,0,0,3
29,守墓将军,5,270,0,50,25,135,"3,5","100,20",0,0,111,9,25,0,0,3
30,爆炎流浪法师,4,310,0,33,14,100,12,60,0,0,111,7,18,0,0,3
31,青蓝蝠,5,232,0,40,23,160,6,30,0,0,111,8,20,0,0,3
32,隐墓剑,5,210,0,52,16,240,"3,13","10,20-2.5",0,0,111,8,22,0,0,3
33,剥壳凹槽,6,999,0,66,11,111,"9,14,15","10-60-10,50-5,200-5-80",0,0,111,150,600,0,0,3
34,姆伊森神射手,7,632,0,140,40,210,8,,0,0,111,13,47,0,0,3
35,废弃夜魇战兵,5,268,0,45,27,150,,,0,0,111,9,24,0,0,3
36,废弃夜魇法兵,5,373,0,42,24,100,7,120,0,0,111,9,26,0,0,3
37,废弃夜魇甲兵,5,550,0,40,28,90,14,25-3,0,0,111,10,28,0,0,3
38,狂怒野兽,6,538,0,51,36,95,"11,13",15-2,0,0,111,10,30,0,0,3
39,墓穴亡影,6,375,0,63,24,150,"3,6","18,50",0,0,111,10,32,0,0,3
40,嗜血守墓者,6,296,0,68,38,150,"3,4","24,1.5",0,0,111,11,34,0,0,3
41,封尘古蝠,6,520,0,90,10,150,"2,6","5,30",0,0,111,11,36,0,0,3
42,夜魇战兵,11,1873,0,388,185,270,13,15-1.75,0,0,111,38,175,0,0,3
43,夜魇法兵,11,2284,0,334,217,100,"7,10,12","360,250-150&1,240",0,0,111,39,190,0,0,3
44,夜魇甲兵,11,3111,0,289,235,140,"14,15","30-25,333-5-80",0,0,111,40,200,0,0,3
45,恶魔之芽,6,299,0,77,43,60,4,4,0,0,111,10,38,0,0,3
46,爬行容貌,8,2222,0,111,44,111,"9,15","20-50-20,2000-10-100",0,0,111,300,1600,0,0,3
47,地狱火,18,2222,0,0,0,111,"16,17,18","3-12000,900",0,0,100,2222,99999,0,0,3
48,百战佣兵,7,1160,0,107,55,150,"6,13","20,15-2.5",0,0,111,100,300,0,0,3
49,封尘法师,7,452,0,69,29,100,19,275-2,0,0,111,11,40,0,0,3
50,狂怒兽战士,7,768,0,70,55,115,"11,13",15-3,0,0,111,11,42,0,0,3
51,哥布林狂战士,6,666,0,73,38,120,,,0,0,111,11,35,0,0,3
52,倍荷玛拉贵族,7,274,0,81,48,100,5,25,0,0,111,12,40,0,0,3
53,倍荷玛森,7,597,0,83,56,110,15,120-3-60,0,0,111,12,41,0,0,3
54,有翼梦魇,7,700,0,95,40,165,6,30,0,0,111,12,43,0,0,3
55,倍荷玛森战士,7,666,0,101,70,125,15,180-3-80,0,0,111,13,45,0,0,3
56,霍尔托（封印）,7,1800,0,124,67,128,"9,10","10-20-20,100-100",0,0,111,200,1800,0,0,3
57,姆伊森强剑士,7,810,0,112,66,200,11,,0,0,111,13,48,0,0,3
58,护卫魔导士,8,525,0,128,74,100,"7,12","500,90&1",0,0,111,0,0,0,0,3
59,守备剑客,7,435,0,125,79,250,13,20-2.0,0,0,111,0,0,0,0,3
60,重甲战士,8,977,0,108,101,135,14,10-3,0,0,111,0,0,0,0,3
61,贵族骑兵,8,1188,0,165,65,185,,,0,0,111,0,0,0,0,3
62,百战佣兵,7,1160,0,107,55,150,"6,13","20,15-2.5",0,0,111,0,0,0,0,3
63,马格罗斯,9,2080,0,155,106,190,"6,13,16","25,25-2.5,5-200",0,0,111,500,3000,0,0,3
64,训蛇士,7,2400,0,144,77,175,"11,13",20-2,0,0,111,150,1000,0,0,3
65,重甲佣兵,5,325,0,42,30,120,,,0,0,111,10,22,0,0,3
66,玛荷托拉,8,955,0,142,83,120,,,0,0,111,15,55,0,0,3
67,精锐玛荷托拉,9,1427,0,190,112,150,21,50-150-20,0,0,111,23,80,0,0,3
68,玛荷托拉祭司,10,1458,0,220,142,100,"22,23","240,10",0,0,111,34,130,0,0,3
69,封尘魔导士,9,1333,0,152,92,100,19,320-3,0,0,111,22,75,0,0,3
70,爆炎魔导士,10,2105,0,177,133,100,"12,24","220,350&1",0,0,111,32,120,0,0,3
71,血锋兽人,10,2305,0,199,55,144,"11,25",8-30-50,0,0,111,33,125,0,0,3
72,魉拙计,8,1500,0,120,60,444,"6,11,13","75,15-4.5",0,0,111,1,5000,0,0,3
73,强哥布林,9,1666,0,144,125,130,4,1.5,0,0,111,20,70,0,0,3
74,萨满祭司,9,1777,0,80,100,100,"8,10,26","160-50,100",0,0,111,24,88,0,0,3
75,流动巨大果冻,9,34444,0,99,99,111,"1,2,14,32","200,20,90-0,33-0",0,0,111,1,8000,0,0,3
76,姆伊森剑师,11,950,0,488,199,240,"11,13,21","10-7.5,100-160-10",0,0,111,45,200,0,0,3
77,姆伊森游侠,11,1350,0,400,221,250,"6,8,29","27,25",0,0,111,46,210,0,0,3
78,沙岚战兵,12,1999,0,530,320,185,"11,14",35-20,0,0,111,53,270,0,0,3
79,沙岚秘术师,12,2000,0,315,268,100,"26,30","220,80-2",0,0,111,50,150,0,0,3
80,沙土魔像,10,8888,0,444,0,222,,,0,0,111,0,222,0,0,3
81,沙岚军主,13,4857,0,980,780,225,"5,11,30,31","15,79-1&78-2,10-3-8",0,0,111,83,465,0,0,3
82,流动奶油冻,9,3777,0,77,77,77,"1,14,29","100,80-0,4",0,0,111,7,255,0,0,3
83,流动果冻,9,3777,0,77,77,111,"1,2,14","200,20,90-0",0,0,111,13,207,0,0,3
84,流动巨大奶冻,9,37777,0,99,99,111,"1,14,29,32","100,80-0,4,33-0",0,0,111,1,8000,0,0,3
85,超流动巨大果冻,15,377777,0,111,111,111,"1,2,14,29,32","200,25,90-0,4,33-0",0,0,111,1,80000,0,0,3
86,教团教士,9,1305,0,215,145,100,33,320-160,0,0,111,30,100,0,0,3
87,教团教士,9,1889,0,252,77,100,34,3,0,0,111,30,100,0,0,3
88,教团主教,11,1050,0,324,220,100,"33,35","500-300,50-100",0,0,111,200,2500,0,0,3
89,白骨倍荷玛,10,1200,0,272,172,175,"2,3","30,10",0,0,111,35,135,0,0,3
90,缠绕意志,10,999,0,244,165,120,"1,29","200,20",0,0,111,35,140,0,0,3
91,腐朽行者,10,1320,0,255,186,190,"3,13,36","16,10-4,2",0,0,111,36,150,0,0,3
92,血腥翼兽,10,1240,0,292,135,220,"6,37","35,1",0,0,111,37,160,0,0,3
93,燃烧死尸,11,1450,0,303,197,190,"3,16,36","15,3-300,2",0,0,111,37,165,0,0,3
94,护陵人,11,1666,0,385,220,150,30,91-2,0,0,111,50,280,0,0,3
95,封尘魔导师,10,4444,0,540,340,100,"19,40","550-3,300",0,0,111,250,3200,0,0,3
96,再生妖,11,1500,0,343,228,200,"3,13,36,38","16,10-5,2,91-Monster02+08&2&0",0,0,111,9,50,0,0,3
97,渎神战士,12,1800,0,672,237,280,"3,13,36,38","20,15-5,3,96-Monster02+08&8&0",0,0,111,25,150,0,0,3
98,沙岚影武者,11,1250,0,533,211,270,"13,41","10-7.5,1-50-200",0,0,111,48,230,0,0,3
99,沙岚武尊,14,1250,0,533,720,400,"30,31,41","98-2,10-7.5-13,2-70-160",0,0,111,100,800,0,0,3
100,姆伊森狱卒,9,1835,0,142,55,190,11,,0,0,111,17,66,0,0,3
101,沙岚警戒者,12,1650,0,468,330,225,"13,25,42","10-4.5,8-50-50",0,0,111,49,245,0,0,3
102,魔神像左臂,13,3333,0,988,330,50,"14,15,16,32","40-20,900-5-100,5-300,70-50",0,0,111,100,800,0,0,3
103,魔神像右臂,13,3333,0,552,330,500,"14,15,16,32","40-20,900-5-100,5-300,70-50",0,0,111,100,800,0,0,3
104,沙土魔神像,13,3333,0,800,330,100,"14,32,35,40","40-20,70-50,30-100,380",0,0,111,500,5000,0,0,3
105,叛逃者黑王,13,3500,0,800,700,250,"31,37","15-3-15,0.12",0,0,111,1000,10000,0,0,3
106,哥布林督军,12,2452,0,567,188,120,"4,31","2,15-5-7",0,0,111,52,260,0,0,3
107,兽人骑将,12,1258,0,608,365,150,"11,36",2,0,0,111,53,265,0,0,3
108,封尘魔导师,12,2565,0,492,336,100,"19,26","450-3,200",0,0,111,53,275,0,0,3
109,玛荷托拉近卫,12,3655,0,585,425,160,10,330-10,0,0,111,54,285,0,0,3
110,玛荷托拉主祭,12,2137,0,545,348,100,"22,23,33","320,8,300-150&1",0,0,111,54,295,0,0,3
111,玛荷托拉猎手,12,1500,0,985,162,400,"13,42",36-3.5,0,0,111,55,300,0,0,3
112,虚化之影,12,1000,0,888,0,150,"3,6,29","2,100,50",0,0,111,55,305,0,0,3
113,漆黑佣兵战士,12,3600,0,630,479,210,"13,36","20-2,2",0,0,111,57,345,0,0,3
114,晶蓝佣兵法师,12,2850,0,588,396,170,"7,22,34","500,320&2,5&1",0,0,111,58,350,0,0,3
115,家族供奉,13,4570,0,988,688,220,"11,15",550-5-90,0,0,111,64,460,0,0,3
116,圣殿骑士,13,4570,0,988,688,220,"31,33,34","20-3-10,400-280,3",0,0,111,68,520,0,0,3
117,玛荷托拉族皇,13,4570,0,988,688,220,"9,22,23,43","10-50-10,480,20,1000-5",0,0,111,2400,18000,0,0,3
118,恐怖之种,12,3888,0,769,569,280,44,10-30,0,0,111,0,360,0,0,3
119,陨落赤炎,12,1080,0,688,633,150,"12,24","500,400",0,0,111,0,370,0,0,3
120,古代翼兽,12,1760,0,738,610,210,"6,37","40,1.5",0,0,111,0,395,0,0,3
121,石像噩梦,13,3256,0,960,732,220,"6,17,32","32,80,75-50",0,0,111,0,420,0,0,3
122,遗忘骑士,13,2100,0,965,788,280,"3,25","18,5-50-100",0,0,111,0,430,0,0,3
123,剧毒野兽,13,4250,0,898,657,180,"29,45","30,24-100-7",0,0,111,0,440,0,0,3
124,远古召唤者,13,1888,0,857,736,100,"26,30","150,127-1&126-1&125-1",0,0,111,0,480,0,0,3
125,嫉愤凝聚物,13,1999,0,999,0,100,13,0.1-100,0,0,111,0,0,0,0,3
126,苦痛凝聚物,13,19999,0,0,0,100,"2,17","120,60",0,0,111,0,0,0,0,3
127,抑郁凝聚物,13,1999,0,0,0,100,1,150,0,0,111,0,0,0,0,3
128,中空盔甲,13,3750,0,0,720,320,36,3,0,0,111,0,460,0,0,3
129,厄运骑士,13,2100,0,965,788,280,"3,25,38","18,5-50-200,122-SK&8&0",0,0,111,0,70,0,0,3
130,恐怖之芽,13,3888,0,769,569,500,"30,44","118-2,15-40",0,0,111,0,0,0,0,3
131,隔断之瞳,13,3888,0,769,30,500,"16,41","5-250,4-50-300",0,0,111,0,550,0,0,3
132,龙人,13,5000,0,769,30,500,46,15-3,0,0,111,0,560,0,0,3
133,魔导师遗骸,12,6666,0,882,677,222,"3,12,33,43,44","10,360,300-200&3,720-3&1,30-50&2",0,0,111,0,2500,0,0,3
134,狂战士遗骸,12,4888,0,938,656,200,"3,4,11,31,36","10,3,36-3-8,3",0,0,111,0,2500,0,0,3
135,古代护陵,13,3773,0,938,656,270,"36,43","2,500-3",0,0,111,0,570,0,0,3
136,古代护陵将军,14,3773,0,938,656,300,"30,36,43","135-1,2,800-4",0,0,111,0,230,0,0,3
137,玛荷托拉族皇,14,4570,0,988,688,220,"9,22,23,43","10-50-10,480,20,1000-5",0,0,111,2400,18000,0,0,3
138,古代食人魔,14,3750,0,0,720,320,"31,42",25-3-9,0,0,111,0,590,0,0,3
139,修罗幻影,14,3750,0,0,720,320,"6,41","50,1-100-100",0,0,111,0,620,0,0,3
140,恶魔侵蚀者,14,3750,0,0,720,320,47,8-50-100,0,0,111,0,650,0,0,3
141,魔化卡巴内,14,3750,0,0,720,320,"3,48","16,770-10",0,0,111,0,680,0,0,3
142,斯多姆狂战士,14,22000,0,0,720,300,"11,15,21","360-5-120,1500-500-20",0,0,111,0,720,0,0,3
143,倒影之瞳,13,3888,0,769,30,500,49,,0,0,111,0,850,0,0,3
144,玩家镜像,13,3888,0,769,30,500,,,0,0,111,0,0,0,0,3
145,真·倒影之瞳,13,3888,0,769,30,500,49,,0,0,111,0,900,0,0,3
146,恐怖利刃,15,3888,0,769,30,500,"41,49",2-50-400,0,0,111,0,30000,0,0,3
147,无波动,3,65,0,26,4,100,,,0,0,111,0,0,0,0,3
148,漂浮,3,57,0,19,3,888,,,0,0,0,0,0,0,0,3
149,踪丝,3,80,0,17,8,180,,,0,0,111,0,0,0,0,3
150,无情绪,6,195,0,78,12,100,,,0,0,111,0,0,0,0,3
151,游曳,6,171,0,54,9,888,,,0,0,100,0,0,0,0,3
152,痕迹,6,240,0,51,24,180,53,50,0,0,111,0,0,0,0,3
153,躁动,7,500,0,0,25,120,26,15,0,0,111,0,0,0,0,3
154,背负,7,150,0,40,50,100,2,5,0,0,111,0,0,0,0,3
155,烙印,7,333,0,72,27,140,31,10-2.5-5,0,0,111,0,0,0,0,3
156,疑惑,8,1000,0,100,10,100,52,100,0,0,111,0,0,0,0,3
157,掠夺,8,225,0,65,25,100,"12,23","50,20",0,0,111,0,0,0,0,3
158,夺灵者,9,150,0,60,88,152,,,0,0,111,0,0,0,0,3
159,？？？,24,150,0,60,89,152,"41,47,48,54","2-80-200,5-240-60,27000-500&1,30",0,0,20,0,0,0,0,3
160,？？？,26,150,0,60,89,152,187,,0,0,25,0,0,0,0,3
161,无意识,9,585,0,132,95,100,48,50-5,0,0,111,0,0,0,0,3
162,狂暴,9,1500,0,0,100,120,26,80,0,0,111,0,0,0,0,3
163,伤疤,10,500,0,0,0,150,37,3,0,0,111,0,0,0,0,3
164,罪孽,10,15000,0,0,0,100,14,70-50,0,0,111,0,0,0,0,3
165,夺舍,11,333,0,333,333,33,49,,0,0,111,0,0,0,0,3
166,凌辱,11,1500,0,250,100,400,"52,53","250,70",0,0,111,0,0,0,0,3
167,绝望,12,1200,0,333,33,333,"29,45,55","33,25-50-10",0,0,111,0,0,0,0,3
168,被封印的灵,13,2500,0,568,550,150,"3,31,44","100,10-3-5,100-20",0,0,111,0,0,0,0,3
169,贝基拉玛,14,50000,0,0,0,22,,,0,0,111,75,420,0,0,3
170,地狱蝠,14,50000,0,0,0,22,"4,6","2,32",0,0,111,76,430,0,0,3
171,埋葬的卒子,14,50000,0,0,0,22,"3,25","10,5-70-150",0,0,111,77,440,0,0,3
172,贝基拉玛警卫,15,50000,0,0,0,22,58,3-360-40,0,0,111,78,450,0,0,3
173,灼热战斗法师,15,50000,0,0,0,22,"24,26,58","900,350,4-480-80",0,0,111,80,480,0,0,3
174,小恶魔,15,50000,0,0,0,22,"11,53",50,0,0,111,82,500,0,0,3
175,厄运剑髅,15,50000,0,0,0,22,"3,31","8,35-2.0-6",0,0,111,80,460,0,0,3
176,厄运剑铠,15,50000,0,0,0,22,"3,31,38","9,30-2.5-8,175-Monster02+07&4&0",0,0,111,4,40,0,0,3
177,厄运剑宗,15,50000,0,0,0,22,"3,31,38","10,25-3-10,176-Monster02+05&8&0",0,0,111,6,60,0,0,3
178,巴拉那侦察者,15,50000,0,0,0,22,59,3,0,0,111,100,800,0,0,3
179,乌诺巨人,16,50000,0,0,0,22,,,0,0,0,0,50000,0,0,3
180,狱岩傀儡,16,50000,0,0,0,22,"17,18",50,0,0,0,100,800,0,0,3
181,地狱食人魔,15,50000,0,0,0,22,60,70-20,0,0,111,85,550,0,0,3
182,食人魔法师,15,50000,0,0,0,22,"61,62,63","850-2,270-60-10,2",0,0,111,85,550,0,0,3
183,食人魔小队,15,1,0,0,0,100,64,182-1&181-1,0,0,111,170,1100,0,0,3
184,波动的火焰,16,50000,0,0,0,22,65,200-8-5,0,0,0,102,820,0,0,3
185,超新星使用,1,50000,0,0,0,22,"17,66",,0,0,0,0,0,0,0,3
186,精锐贝基拉玛,16,50000,0,0,0,22,"36,58","1,4-400-50",0,0,0,105,850,0,0,3
187,黑曜石像鬼,16,50000,0,0,0,22,67,70-30,0,0,50,200,1500,0,0,3
188,迷失的剑王,16,50000,0,0,0,22,"13,68","10-4,70",0,0,0,119,990,0,0,3
189,燃烧地狱蝠,16,50000,0,0,0,22,"4,6,17","2,50,120",0,0,0,54,440,0,0,3
190,双生地狱蝠,16,1,0,0,0,100,64,189-2,0,0,0,108,880,0,0,3
191,熔岩兽人,16,50000,0,0,0,22,"11,16",6-350,0,0,0,110,900,0,0,3
192,涅尔玟,17,50000,0,0,0,22,"68,69","25,100-6",0,0,0,0,70000,0,0,3
193,火燃法影,16,50000,0,0,0,22,"6,21,70","100,250-400-0,2-50",0,0,0,128,1080,0,0,3
194,涅尔玟,16,50000,0,0,0,22,"68,69","25,100-6",0,0,0,0,70000,0,0,3
195,燃烧小恶魔,16,50000,0,0,0,22,"17,53","125,50",0,0,0,115,950,0,0,3
196,暗夜石像鬼,16,50000,0,0,0,22,35,50-100,0,0,50,200,1500,0,0,3
197,痛苦石像鬼,16,50000,0,0,0,22,71,198-Monster15+01&4&0,0,0,50,200,1500,0,0,3
198,痛苦蛆虫,15,999,0,999,999,400,"36,37","2,10",0,0,0,0,0,0,0,3
199,精锐圣堂武士,17,999,0,999,999,400,72,20-3,0,0,0,150,2000,0,0,3
200,影夜龙人,17,999,0,999,999,400,46,40-5,0,0,20,135,1350,0,0,3
201,圣洁夜魇战兵,17,999,0,999,999,400,"33,55",400-400,0,0,0,140,1400,0,0,3
202,遗忘的雕像,17,999,0,999,999,400,"14,40,53","30-50,150,50",0,0,40,132,1120,0,0,3
203,下级圣堂武士,17,999,0,999,999,400,72,10-3,0,0,0,60,600,0,0,3
204,巴拉那战将,17,999,0,999,999,400,"36,43,69","2,800-3,100-5",0,0,0,130,1100,0,0,3
205,协同圣堂武士,17,1,0,0,0,100,64,203-2,0,0,0,120,1200,0,0,3
206,圣堂武士小队,17,1,0,0,0,100,64,203-3,0,0,0,180,1800,0,0,3
207,暗影傀儡,17,50000,0,0,0,22,"1,17,18","100,60",0,0,0,125,1250,0,0,3
208,冰凛法影,17,50000,0,0,0,22,"1,26","300,360",0,0,0,135,1150,0,0,3
209,暗影翼兽,17,1560,0,738,610,210,"37,54","2,45",0,0,0,133,1230,0,0,3
210,攻坚之影,17,1560,0,738,610,210,"6,75",32,0,0,0,128,1280,0,0,3
211,贝基拉玛王,17,50000,0,0,0,22,"5,58,70","5,5-500-50,3-21",0,0,15,3000,25000,0,0,3
212,圣骑士梅罗,19,1559,0,738,610,210,"30,33,72,76","203-2,1000-500,25-4,6-5&1",0,0,25,0,50000,0,0,3
213,暗影之核,17,1560,0,738,610,210,"8,52,77","500,10-5",0,0,85,130,1300,0,0,3
214,破法者,17,1560,0,738,610,210,78,8-150,0,0,0,138,1380,0,0,3
215,暗影破法者,17,1560,0,738,610,210,"78,79","8-200,1-400-15",0,0,25,500,30000,0,0,3
216,恶魔骑士梅罗,19,1559,0,738,610,210,"72,80","25-4,3-15",0,0,25,0,50000,0,0,3
217,无魂空壳,17,1560,0,738,610,210,,,0,0,0,0,0,0,0,3
218,绝不信任,8,1000,0,100,10,100,52,100,0,0,0,0,0,0,0,3
219,刻骨烙印,10,500,0,0,0,150,37,5,0,0,0,0,0,0,0,3
220,永无宁静,7,500,0,0,25,120,26,15,0,0,0,0,0,0,0,3
221,疯狂索取,7,333,0,72,27,140,"31,68","10-2.5-5,30",0,0,0,0,0,0,0,3
222,贝基拉冈,18,500,0,0,25,120,"17,70","120,3-12",0,0,15,100,1500,0,0,3
223,银杖,18,500,0,0,25,120,"7,12,63","1000,400&1,3",0,0,0,102,1520,0,0,3
224,阵亡形态,18,500,0,0,25,120,"3,81","15,600",0,0,0,105,1550,0,0,3
225,狱炎魔导师,18,500,0,0,25,120,"24,42,60,61","750,120-15,900-3&1",0,0,35,108,1580,0,0,3
226,符文盔甲,18,500,0,0,25,120,"31,36","35-2-17,2",0,0,0,110,1600,0,0,3
227,猎杀之影,18,1560,0,738,610,210,"6,75",40,0,0,0,112,1620,0,0,3
228,怨恨的人偶,18,1560,0,738,610,210,"47,82","6-250-50,30",0,0,50,115,1650,0,0,3
229,剧毒守卫,18,1560,0,738,610,210,"29,48","150,2100-30",0,0,12,117,1670,0,0,3
230,幽灵夜魇战兵,18,999,0,999,999,400,"18,55,70",10-30,0,0,0,0,1500,0,0,3
231,幽亡法影,18,50000,0,0,0,22,"8,54,78","66,3-250",0,0,35,120,1700,0,0,3
232,徘徊的侍者,18,500,0,0,25,120,"9,26,35","10-100-25,1000,50-50",0,0,0,0,35000,0,0,3
233,鬼影突骑,18,999,0,999,999,400,"3,83","50,45-200",0,0,25,240,3600,0,0,3
234,背叛人形,18,999,0,999,999,400,49,,0,0,0,200,3200,0,0,3
235,绝望人形,18,999,0,999,999,400,67,35-200,0,0,0,200,3200,0,0,3
236,死亡人形,18,999,0,999,999,400,84,780-2-25,0,0,0,200,3200,0,0,3
237,爱丽丝,11,999,0,999,999,400,"49,67,84","50-300,500-1-60",0,0,0,0,40000,0,0,3
238,尽数掠夺,7,500,0,0,25,120,"12,23,63","450,10,2",0,0,0,0,0,0,0,3
239,致死蹂躏,11,1500,0,250,100,400,"52,53","5000,99",0,0,0,0,0,0,0,3
240,涅尔玟,17,50000,0,0,0,22,"68,69","30,100-6",0,0,0,0,3000,0,0,3
241,提里奥斯,20,50000,0,0,0,22,"68,69,86","36,70-5,15-150-24-50",0,0,18,0,40000,0,0,3
242,雪地爬行者,19,999,0,999,999,400,1,120,0,0,0,125,1750,0,0,3
243,贝基拉冈警卫,19,500,0,0,25,120,"17,70","180,4-20",0,0,18,128,1780,0,0,3
244,冰棘死者,19,999,0,999,999,400,"1,3,82","80,17,17",0,0,0,130,1800,0,0,3
245,雪地漫步者,19,999,0,999,999,400,87,8-100,0,0,0,132,1820,0,0,3
246,冰封夜魇战兵,19,1873,0,388,185,270,"31,83","15-2-10,15-75",0,0,0,135,1850,0,0,3
247,冰封夜魇法兵,19,2284,0,334,217,100,"26,87,88","660,10-120,4-2700-80-100&1",0,0,33,138,1880,0,0,3
248,冰封夜魇甲兵,19,3111,0,289,235,140,"1,15","50,1250-5-75",0,0,20,140,1900,0,0,3
249,协同冰封夜魇,19,1,0,0,0,100,64,247-1&246-1,0,0,0,273,3730,0,0,3
250,冰封夜魇小队,19,1,0,0,0,100,64,247-1&246-1&248-1,0,0,0,413,5630,0,0,3
251,魔能傀儡,19,999,0,999,999,400,,,0,0,0,143,1930,0,0,3
252,寒冬哨兵,20,999,0,999,999,400,"59,89","3,3-1100",0,0,15,145,1950,0,0,3
253,冰封战兵统领,19,1873,0,388,185,270,"30,31,83,87","246-2,25-3-10,25-75,7-70",0,0,0,1000,35000,0,0,3
254,冰霜之翼,19,999,0,999,999,400,"54,90","50,6-600-12",0,0,10,145,1950,0,0,3
255,冰晶噩梦,19,999,0,999,999,400,"6,89,92","30,2-1500,50",0,0,0,147,1970,0,0,3
256,孤高的魔导师,19,999,0,999,999,400,"91,93","2,10-150-4000-3",0,0,35,150,2000,0,0,3
257,冰封地狱,17,999,0,999,999,400,"18,47,90","5-200-50,5-3000-15",0,0,0,0,20000,0,0,3
258,砂牙,20,999,0,999,999,400,"31,46,75,94","25-3-15,25-1,3-6600",0,0,25,0,50000,0,0,3
259,冰封骸骨,19,999,0,999,999,400,"1,3","80,10",0,0,0,50,700,0,0,3
260,冰封骸骨队长,19,999,0,999,999,400,"1,3,30,38","80,12,259-2,259-SK2&2&240",0,0,0,0,0,0,0,3
261,冰封法兵统领,19,2284,0,334,217,100,"26,30,63,93","800,247-2,2,10-80-4000-5",0,0,40,1000,35000,0,0,3
262,冰封甲兵统领,19,3111,0,289,235,140,"29,30,70","200,248-2,2-30",0,0,25,1000,35000,0,0,3
263,王牌冰封夜魇,19,1,0,0,0,100,64,253-1&261-1&262-1,0,0,0,3826,116260,0,0,3
264,地狱诗人,20,999,0,999,999,400,"86,95","10-100-25-0,10",0,0,17,150,2080,0,0,3
265,冰封夜魇小队,19,1,0,0,0,100,64,246-2&248-1,0,0,0,410,5600,0,0,3
266,恐怖食人魔,20,3750,0,0,720,320,"31,42,60","25-3-15,120-15",0,0,40,150,2050,0,0,3
267,极冰兽人,20,3750,0,0,720,320,"1,75",250,0,0,13,150,2100,0,0,3
268,极冰兽王杰奥,20,3750,0,0,720,320,"1,9,75","200,5-50-20",0,0,13,0,50000,0,0,3
269,冰封骸骨督军,20,999,0,999,999,400,"3,30,38,81","20,260-2,260-SK2&4&240,2000",0,0,0,0,0,0,0,3
270,符文中空盔甲,20,3750,0,0,720,320,"31,36","35-2.4-24,2",0,0,0,150,2150,0,0,3
271,寒冬魔导师,20,3750,0,0,720,320,"26,47,88","1250,5-0-100,5-3000-150-80&1",0,0,25,150,2120,0,0,3
272,冰封地狱岩,20,3750,0,0,720,320,"1,18,96","130,1000-1",0,0,0,150,2180,0,0,3
273,祭坛督军,20,3750,0,0,720,320,,,0,0,15,150,2200,0,0,3
274,高阶祭坛督军,22,3750,0,0,720,320,,,0,0,15,200,3300,0,0,3
275,寒冬骨龙,29,3750,0,0,720,320,"3,97,98","300,5-8,5",0,0,25,0,75000,0,0,3
276,蘇生的怪物,18,250000,0,738,610,350,"18,49,99",,0,0,0,0,0,0,0,3
277,拉格纳斯,24,150,0,60,89,152,"41,47,48,54","2-80-200,5-240-60,27000-500,30",0,0,20,0,0,0,0,3
278,暗影莱汀,20,3750,0,0,720,320,"6,42",33,0,0,10,0,1500,0,0,3
279,暗影沃瑞尔,20,3750,0,0,720,320,"15,31","2100-4-90,35-2-12",0,0,20,0,2250,0,0,3
280,暗影维加德,20,3750,0,0,720,320,"12,61,63","2400,3200-1&1,4",0,0,40,0,2280,0,0,3
281,精锐贝基拉冈,20,3750,0,0,720,320,"17,70","250,5-30",0,0,15,0,2300,0,0,3
282,暗影特里斯特,20,3750,0,0,720,320,"100,101","5-5-10,5-5-10",0,0,0,0,2350,0,0,3
283,暗影亚切尔,20,3750,0,0,720,320,"8,103",5-5-15,0,0,20,0,2400,0,0,3
284,暗影加沃雷,21,3750,0,0,720,320,"37,54","1,50",0,0,18,0,2650,0,0,3
285,暗影兰斯,21,3750,0,0,720,320,"4,36","5,1",0,0,25,0,2700,0,0,3
286,暗影菲多洛德,21,3750,0,0,720,320,"5,102","5,5-5-1",0,0,25,0,3000,0,0,3
287,符文中空盔甲,20,3750,0,0,720,320,"31,36","35-2.4-24,2",0,0,0,0,2150,0,0,3
288,寒冬魔导师,20,3750,0,0,720,320,"26,47,88","1250,5-0-100,5-3000-150-80&1",0,0,25,0,2120,0,0,3
289,冰封地狱岩,20,3750,0,0,720,320,"1,18,96","130,1000-1",0,0,0,0,2180,0,0,3
290,祭坛督军,20,3750,0,0,720,320,,,0,0,15,0,2200,0,0,3
291,狂战的巴斯卡,21,3750,0,0,720,320,104,12-1-100,0,0,0,0,50000,0,0,3
292,暗影赛特,20,3750,0,0,720,320,"25,83","7-120-300,70-250",0,0,25,0,2600,0,0,3
293,奇袭的玛科斯,21,3750,0,0,720,320,105,70,0,0,0,0,50000,0,0,3
294,嘲弄的索米尔,21,3750,0,0,720,320,"100,101,102","5-5-10,5-5-10,5-5-1",0,0,0,0,50000,0,0,3
295,无影的炼,19,3750,0,0,720,320,"70,106,107,108","4-24,8500-3,5,6000-15000&1",0,0,21,0,150000,0,0,3
296,暗影格兰特,21,3750,0,0,720,320,"72,75",10-2,0,0,15,0,2800,0,0,3
297,暗影长老,22,3750,0,0,720,320,"68,79","10,2-500-15",0,0,10,0,4000,0,0,3
298,暗影安波拉,21,3750,0,0,720,320,"41,60","4-125-200,150-50",0,0,0,0,2900,0,0,3
299,暗影大长老,23,3750,0,0,720,320,"68,79","10,2-1000-15",0,0,10,0,5000,0,0,3
300,教团苦修者,16,50000,0,0,0,22,"33,34","800-1200,5",0,0,12,0,500,0,0,3
301,玛荷坎达,21,3750,0,0,720,320,82,20,0,0,0,80,2200,0,0,3
302,干燥死者,21,3750,0,0,720,320,"3,14","13,20-2000",0,0,18,80,2200,0,0,3
303,沙漠之翼,21,3750,0,0,720,320,"6,25","42,5-120-200",0,0,8,80,2200,0,0,3
304,失落的灵魂,21,3750,0,0,720,320,"21,41,55","500-100-0,2-200-200",0,0,50,80,2200,0,0,3
305,绿洲掠夺者,21,3750,0,0,720,320,113,120-10,0,0,12,80,2200,0,0,3
306,沙尘小恶魔,21,3750,0,0,720,320,"53,94","10,3-6000",0,0,0,80,2200,0,0,3
307,绿洲掠夺者,21,3750,0,0,720,320,113,120-10,0,0,12,80,2200,0,0,3
308,砂魔法影,21,3750,0,0,720,320,112,2-5000,0,0,15,100,2500,0,0,3
309,大玛荷坎达,21,3750,0,0,720,320,"68,82","300,25",0,0,0,120,3000,0,0,3
310,沙浪骑兵,21,3750,0,0,720,320,"36,72","1,20-2",0,0,20,120,3000,0,0,3
311,绿洲袭击者,21,3750,0,0,720,320,"105,113","50,140-12",0,0,12,100,2500,0,0,3
312,绿洲征战者,22,3750,0,0,720,320,"75,113",100-10,0,0,15,130,3600,0,0,3
313,绿洲侦察者,21,3750,0,0,720,320,"52,59,70","3000,4,4-16",0,0,10,120,3000,0,0,3
314,希尔芙暗杀者,22,3750,0,0,720,320,"114,115",7,0,0,15,150,4200,0,0,3
315,希尔芙风术士,22,3750,0,0,720,320,"10,26,110","5000-100,2400,5-5-150-20",0,0,10,150,4200,0,0,3
316,下级风之祭司,23,3750,0,0,720,320,"10,102,111","18000-200,5-5-1,15-240000",0,0,24,160,4800,0,0,3
317,希尔芙沙斗士,22,3750,0,0,720,320,"31,75",10-2.5-12,0,0,33,150,4200,0,0,3
318,希尔芙沙剑士,23,3750,0,0,720,320,"31,36,75","18-3.5-23,2",0,0,33,160,4800,0,0,3
319,溺毙死者,21,3750,0,0,720,320,"2,3","3000,50",0,0,18,100,2500,0,0,3
320,绿洲君王,22,3750,0,0,720,320,"5,30,31,113","5,305-2,10-3-15,150-20",0,0,18,1000,80000,0,0,3
321,成体夜魇战兵,24,1873,0,388,185,270,"70,72,83","3-30,36-2,25-105",0,0,25,250,8700,0,0,3
322,玛荷坎伊姆,22,3750,0,0,720,320,"82,87","24,12-80",0,0,0,130,3600,0,0,3
323,玛荷坎伊斯托,22,3750,0,0,720,320,"48,82","6000-200,28",0,0,0,150,4200,0,0,3
324,诅咒玛荷坎王,22,3750,0,0,720,320,"47,82","10-0-100,300",0,0,0,1200,100000,0,0,3
325,饥渴死者,22,3750,0,0,720,320,"3,37","60,1",0,0,5,130,3600,0,0,3
326,死之漂泊者,22,3750,0,0,720,320,"3,99,107","100,3",0,0,5,1000,80000,0,0,3
327,地狱吟游者,22,3750,0,0,720,320,"53,95","25,25",0,0,0,130,3600,0,0,3
328,沙暴恶灵,22,3750,0,0,720,320,"94,112","3-15000,4-10000",0,0,20,1000,80000,0,0,3
329,皇家英雄骑士,22,3750,0,0,720,320,"31,36,83,116","32-2-10,5,45-75,8-25-300",0,0,25,250,6500,0,0,3
330,暮影剑圣,23,3750,0,0,720,320,"41,54,72,114,115","3-100-300,45,20-3,8",0,0,0,1500,180000,0,0,3
331,皇家英雄法师,22,3750,0,0,720,320,"12,26,101,117","4000,5000,5-5-10,2000-20",0,0,40,250,6500,0,0,3
332,沙漠哈比,21,3750,0,0,720,320,"6,10","64,2000-180",0,0,10,100,2500,0,0,3
333,飓风沙漠哈比,21,3750,0,0,720,320,"6,118","70,6000-160",0,0,15,120,3000,0,0,3
334,飓风哈比术士,22,3750,0,0,720,320,"6,110,118","70,5-5-200-10,8000-220",0,0,25,130,3600,0,0,3
335,双生沙漠哈比,21,1,0,0,0,100,64,332-2,0,0,0,200,5000,0,0,3
336,沙漠哈比小队,22,1,0,0,0,100,64,332-1&333-1,0,0,0,220,5500,0,0,3
337,巨型沙鹫,21,3750,0,0,720,320,"6,15","38,2800-6-200",0,0,10,200,4000,0,0,3
338,风神翼蛇,22,3750,0,0,720,320,"6,91","44,2",0,0,10,225,5600,0,0,3
339,碧蓝羽翼哈比,21,3750,0,0,720,320,"6,81","50,80000",0,0,0,0,180000,0,0,3
340,克里瑟历斯,40,3750,0,0,720,320,"94,119,120",,0,0,75,225,500000,0,0,3
341,流浪死者,21,3750,0,0,720,320,3,5,0,0,0,0,0,0,0,3
342,漂泊死者,22,3750,0,0,720,320,"3,26,30","5,3300,341-5",0,0,33,150,4200,0,0,3
343,暴风之翼,22,3750,0,0,720,320,"6,10,118",,0,0,20,5000,250000,0,0,3
344,训雷,23,3750,0,0,720,320,"31,36,43,80","10-4-18,3&1,33000-7,3-8&2",0,0,37,5000,250000,0,0,3
345,沙浪骑将,23,3750,0,0,720,320,"36,72,103","3,30-2,5-5-15",0,0,20,160,4800,0,0,3
346,颤栗的凶残,22,3750,0,0,720,320,68,100,0,0,0,0,100000,0,0,3
347,圣魂战兵,23,3750,0,0,720,320,"16,33,78","10-20000,48000-24000,10-800",0,0,75,280,7500,0,0,3
348,绝对正义神甫,23,3750,0,0,720,320,"30,33,34,76",,0,0,30,5000,300000,0,0,3
349,光魔导战甲,22,5000,0,0,720,320,40,1000,0,0,0,0,3000,0,0,3
350,圣光术士,23,5000,0,0,720,320,"26,35,100","4200,70-50,5-5-15",0,0,0,200,6000,0,0,3
351,希尔芙铁弩手,23,3750,0,0,720,320,"31,105","25-2-15,30",0,0,17,160,4800,0,0,3
352,中级风之祭司,25,3750,0,0,720,320,"10,102,111","50000-300,5-5-2,12-900000",0,0,30,400,10000,0,0,3
353,风之精灵,23,5000,0,0,720,320,"103,110,118","7-7-17,7-7-250-20,6000-150",0,0,0,160,4800,0,0,3
354,狂暴猛毒翼蛇,23,3750,0,0,720,320,"29,45,48","15000,25-150-10,15000-300",0,0,0,170,5400,0,0,3
355,希尔芙猎杀者,23,3750,0,0,720,320,"68,114,115","125,9",0,0,0,170,5400,0,0,3
356,高阶守夜骑士,23,3750,0,0,720,320,"31,36","25-3-20,3",0,0,30,150,5000,0,0,3
357,遮面咒术师,23,3750,0,0,720,320,"7,26,58","30000,4500,4-8000-200&1",0,0,20,150,5000,0,0,3
358,坎冬尼斯剑皇,23,3750,0,0,720,320,"80,106","1-32,7500-4&1",0,0,10,165,5500,0,0,3
359,卫火盟弟子,23,3750,0,0,720,320,"70,108","3-24,3300-75000",0,0,18,165,5500,0,0,3
360,厄西埃勇士,24,3750,0,0,720,320,"40,125","5000,37500-3",0,0,0,180,6000,0,0,3
361,诺斯姆骁骑,24,3750,0,0,720,320,"53,100","50,5-5-15",0,0,25,180,6000,0,0,3
362,幻寂魔导师,24,3750,0,0,720,320,"26,92,126,127","7200,12,5-160000-125,120000-3",0,0,20,200,6500,0,0,3
363,诺伦铁壁卫士,24,3750,0,0,720,320,"14,101","20-1500,5-5-15",0,0,50,200,6500,0,0,3
364,星隐游侠,24,3750,0,0,720,320,"31,83","20-2-25,20-100",0,0,36,220,7000,0,0,3
365,荆棘王庭近卫,24,3750,0,0,720,320,"18,128",5-5-50,0,0,36,220,7000,0,0,3
366,蓝心冰川法师,24,3750,0,0,720,320,"26,89,93,133",,0,0,25,250,7500,0,0,3
367,上级圣堂骑士,24,3750,0,0,720,320,"33,72,134","30000-10000,35-2,3-6-50",0,0,12,250,7500,0,0,3
368,赏金神符,20,100,0,0,0,100,,,0,0,0,1000,20000,0,0,3
369,奥术神符,20,100,0,0,0,100,130,,0,0,0,0,0,0,0,3
370,恢复神符,20,100,0,0,0,100,132,,0,0,0,0,0,0,0,3
371,极速神符,20,100,0,0,0,100,129,,0,0,0,0,0,0,0,3
372,双倍神符,20,100,0,0,0,100,131,,0,0,0,0,0,0,0,3
373,精锐天辉战兵,22,3750,0,0,720,320,"31,36","20-2-15,2",0,0,10,50,2000,0,0,3
374,精锐天辉法兵,22,3750,0,0,720,320,"24,26,60","45000,4500,200-30",0,0,25,50,2000,0,0,3
375,精锐天辉甲兵,22,3750,0,0,720,320,"75,134",2-5-30,0,0,40,50,2000,0,0,3
376,天辉战兵小队,22,1,0,0,0,100,135,15-15-15&373-3,0,0,0,150,6000,0,0,3
377,天辉法兵小队,22,1,0,0,0,100,135,15-15-15&374-3,0,0,0,150,6000,0,0,3
378,天辉作战小队,22,1,0,0,0,100,135,10-10-10&374-1&373-1&375-1,0,0,0,150,6000,0,0,3
379,天辉强袭小队,22,1,0,0,0,100,135,10-15-10&373-2&375-1,0,0,0,150,6000,0,0,3
380,天辉奥术小队,22,1,0,0,0,100,135,10-15-10&374-2&375-1,0,0,0,150,6000,0,0,3
381,天辉据守小队,22,1,0,0,0,100,135,20-10-15&374-1&375-2,0,0,0,150,6000,0,0,3
382,协同天辉战兵,22,1,0,0,0,100,135,15-15-15&373-2,0,0,0,100,4000,0,0,3
383,协同天辉甲兵,22,1,0,0,0,100,135,10-15-15&373-1&375-1,0,0,0,100,4000,0,0,3
384,协同天辉法兵,22,1,0,0,0,100,135,15-10-15&374-1&375-1,0,0,0,100,4000,0,0,3
385,天辉战团统军,23,3750,0,0,720,320,136,5-5-20,0,0,24,300,9999,0,0,3
386,剥皮斥候,24,3750,0,0,720,320,"6,36,115","60,3,32",0,0,15,0,500000,0,0,3
387,训仙宇,24,3750,0,0,720,320,"78,79,83,116,137",,0,0,21,5000,900000,0,0,3
388,梦多古,25,3750,0,0,720,320,138,50-100-100,0,0,32,3000,500000,0,0,3
389,西诺比,25,3750,0,0,720,320,"36,54,81,115","1,90,5000000,33",0,0,0,3000,500000,0,0,3
390,艾兹尤格战士,23,3750,0,0,720,320,"139,140","5000,5-5-3",0,0,25,150,5000,0,0,3
391,荒邪猎魂者,23,3750,0,0,720,320,"26,141","5000,1-3",0,0,0,150,5000,0,0,3
392,红雾军团先锋,23,3750,0,0,720,320,104,5-0.5-40,0,0,17,165,5500,0,0,3
393,奥斯塔里剑狂,23,3750,0,0,720,320,"42,96",1500-0.1,0,0,10,165,5500,0,0,3
394,三途川之影,24,3750,0,0,720,320,"29,48,142","22000,135000-300,3",0,0,0,180,6000,0,0,3
395,佤什昂多黑骑,24,3750,0,0,720,320,"53,103","50,5-5-17",0,0,32,180,6000,0,0,3
396,秘湮术士,24,3750,0,0,720,320,"26,30,143","4500,409-1,6-35",0,0,15,200,6500,0,0,3
397,异界狱石,24,3750,0,0,720,320,"17,18,67","1000,10-25",0,0,0,200,6500,0,0,3
398,魂渊战驹,24,3750,0,0,720,320,"11,144",5-5-5-5,0,0,10,220,7000,0,0,3
399,龙蝠幼仔,26,3751,0,0,720,320,"2,6,18,37","18000,55,0.6",0,0,60,220,7000,0,0,3
400,鲁姆思克巫妖,24,3750,0,0,720,320,"26,71","9900,410-Monster02+01&6&80",0,0,25,250,7500,0,0,3
401,精锐戮尽骑士,24,3750,0,0,720,320,"25,31,81","5-200-100,10-2-20,500000",0,0,8,250,7500,0,0,3
402,成体夜魇战兵,24,3750,0,0,720,320,"70,72,83","5-25,15-2.5,25-75",0,0,10,100,3600,0,0,3
403,成体夜魇法兵,24,3750,0,0,720,320,"26,44,61,63","5600,15-5000,15000-2&1,3",0,0,15,100,3600,0,0,3
404,成体夜魇甲兵,24,3750,0,0,720,320,"14,17,82","25-1500,1500,50",0,0,30,100,3600,0,0,3
405,成体夜魇小队,24,1,0,0,0,100,135,30-25-20&403-1&402-1&404-1,0,0,0,300,10800,0,0,3
406,协同成体夜魇,24,1,0,0,0,100,135,15-15-10&403-1&402-1,0,0,0,200,7200,0,0,3
407,协同成体夜魇,24,1,0,0,0,100,135,15-15-10&403-1&404-1,0,0,0,200,7200,0,0,3
408,协同成体夜魇,24,1,0,0,0,100,135,15-15-10&402-1&404-1,0,0,0,200,7200,0,0,3
409,鲜血地狱,23,2222,0,0,0,111,"17,18,68","900,75",0,0,0,0,0,0,0,3
410,瘟疫死者,23,2222,0,0,0,111,"2,3,48,142","15000,100,120000-50,1",0,0,0,0,0,0,0,3
411,阿克苏·卡恩,25,3750,0,0,720,320,"16,104,139,140","5-400000,5-2-25,7500,5-6-4",0,0,32,3000,500000,0,0,3
412,卡罗尔,25,3750,0,0,720,320,"44,96","800-20000,1500-0.5",0,0,32,3000,500000,0,0,3
413,风凌影,24,3750,0,0,720,320,"72,107,114,115,126","35-3,3,100,5-550000-400",0,0,15,5000,900000,0,0,3
414,,50,500,0,100,100,50,,,0,0,100,0,0,0,0,3
415,妖精斥候,23,3750,0,0,720,320,"6,86","33,10-200-15-20",0,0,20,320,3200,0,0,3
416,妖精风行者,24,3750,0,0,720,320,"145,146","1-120000-15-400,5-750",0,0,18,400,4000,0,0,3
417,妖精魔导师,24,3750,0,0,720,320,"26,147,148","8800,5-4000,4-15-1000-2",0,0,20,480,4800,0,0,3
418,传奇妖精,23,3750,0,0,720,320,"6,10",,0,0,20,320,3200,0,0,3
419,三途川之影,24,3750,0,0,720,320,"29,48,142","20000,300000-3000,10",0,0,0,2000,200000,0,0,3
420,恶魔之种,24,3750,0,0,720,320,4,3,0,0,0,0,0,0,0,3
421,恶魔之芽,24,3750,0,0,720,320,4,8,0,0,0,0,0,0,0,3
422,恶魔果实,24,3750,0,0,720,320,4,15,0,0,0,0,0,0,0,3
423,恐怖之种,24,3750,0,0,720,320,44,60-4000,0,0,0,0,0,0,0,3
424,恐怖之芽,24,3750,0,0,720,320,44,90-5000,0,0,0,0,0,0,0,3
425,恐怖果实,24,3750,0,0,720,320,44,150-6000,0,0,0,0,0,0,0,3
426,灾厄之瞳,24,3750,0,0,720,320,"4,44","35,320-20000",0,0,0,0,0,0,0,3
427,封尘魔导士,24,3750,0,0,720,320,"26,125","20000,250000-3",0,0,0,0,0,0,0,3
428,封尘魔导师,24,3750,0,0,720,320,"26,125","4000,250000-3",0,0,0,0,0,0,0,3
429,精锐戮尽骑士,24,3750,0,0,720,320,"25,31,81","5-200-100,10-2-20,900000",0,0,8,0,0,0,0,3
430,火之骁骑,25,3750,0,0,720,320,"53,100","50,5-5-15",0,0,0,0,0,0,0,3
431,水之骁骑,25,3750,0,0,720,320,"53,101","50,5-5-10",0,0,0,0,0,0,0,3
432,黄金骁骑,25,3750,0,0,720,320,"81,136","1000000,5-5-25",0,0,0,0,0,0,0,3
433,丛林幽影,25,122,0,11,2,185,6,70,0,0,30,0,0,0,0,3
434,血腥翼兽,25,1240,0,292,135,220,"6,37","45,0.2",0,0,30,0,0,0,0,3
435,遗忘骑士,25,2100,0,965,788,280,"3,25","10,5-250-160",0,0,30,0,0,0,0,3
436,狂怒兽战士,25,768,0,70,55,115,"11,13",25-3,0,0,30,0,0,0,0,3
437,厄运骑士,25,2100,0,965,788,280,"3,25,38","10,5-250-200,435-SK&8&0",0,0,30,0,0,0,0,3
438,夜魇甲兵,25,3111,0,289,235,140,"14,15","40-2500,135000-5-280",0,0,30,0,0,0,0,3
439,收割盔甲,25,3750,0,0,720,320,"36,72","3,100-2",0,0,30,0,0,0,0,3
440,突风夜魇战兵,25,3750,0,0,720,320,"70,72,83","6-30,45-3,35-95",0,0,30,0,0,0,0,3
441,贝基拉玛修,26,122,0,11,2,185,"58,153","4-50000-160,30-4400-3000",0,0,20,0,7500,0,0,3
442,不朽死者,25,122,0,11,2,185,"3,153","30,40-1500-2500",0,0,10,0,7500,0,0,3
443,诅咒翼兽,26,122,0,11,2,185,"6,141,153","50,2-0.3,25-0-6000",0,0,60,0,7750,0,0,3
444,阴影侍从,25,122,0,11,2,185,"26,49,153","9600,32-2400-3000",0,0,30,0,7750,0,0,3
445,星魂兽人,26,122,0,11,2,185,"31,82,153","15-3-13,50,10-15000-0",0,0,60,0,8000,0,0,3
446,奥术之影,25,122,0,11,2,185,"54,81,92,153","72,1000000,20,10-2000-5000",0,0,50,0,8000,0,0,3
447,续驰暝瑚,26,122,0,11,2,185,"153,154","40-1000-1500,24000-4",0,0,70,0,8250,0,0,3
448,影夜龙将,25,122,0,11,2,185,"18,46,75,153","20-1,25-0-5000",0,0,0,0,8250,0,0,3
449,迷幻噩梦,26,122,0,11,2,185,"41,98,118","2-150-100,5,44000-250",0,0,68,0,8500,0,0,3
450,冰结之瞳,26,122,0,11,2,185,"133,153,155","5-5-320-50,30-0-12000,5-5-80000",0,0,50,0,8500,0,0,3
451,收割盔甲,25,3750,0,0,720,320,"36,72","3,100-2",0,0,30,0,8000,0,0,3
452,法力湮灭者,25,122,0,11,2,185,"31,156","25-2-20,50-20",0,0,30,0,8500,0,0,3
453,影夜龙人长老,25,122,0,11,2,185,"18,26,46,153","25000,20-1,25-0-120000",0,0,0,0,500000,0,0,3
454,玛朵妮丝,25,122,0,11,2,185,"12,26,44,93,117",,0,0,30,0,500000,0,0,3
455,贝基拉玛修,26,122,0,11,2,185,58,4-250000-160,0,0,20,0,0,0,0,3
456,不朽死者,25,122,0,11,2,185,"2,3","350000,30",0,0,10,0,0,0,0,3
457,诅咒翼兽,26,122,0,11,2,185,"6,141","50,2-0.3",0,0,60,0,0,0,0,3
458,阴影侍从,25,122,0,11,2,185,"26,49",9600,0,0,30,0,0,0,0,3
459,星魂兽人,26,122,0,11,2,185,"31,82","15-3-13,50",0,0,60,0,0,0,0,3
460,奥术之影,25,122,0,11,2,185,"54,81,92","72,1000000,20",0,0,50,0,0,0,0,3
461,续驰暝瑚,26,122,0,11,2,185,154,24000-4,0,0,70,0,0,0,0,3
462,影夜龙将,25,122,0,11,2,185,"18,46,75",20-1,0,0,0,0,0,0,0,3
463,法力湮灭者,25,122,0,11,2,185,"31,156","25-2-20,50-20",0,0,30,0,0,0,0,3
464,收割盔甲,25,3750,0,0,720,320,"36,72","3,100-2",0,0,30,0,0,0,0,3
465,汪迪·兰特,25,3750,0,0,720,320,"53,72,80","100,30-3,3-36",0,0,45,0,0,0,0,3
466,天辉强袭大队,21,3750,0,0,720,319,"72,157","15-2,3-0",0,0,30,200,12000,0,0,3
467,天辉奥术大队,21,3750,0,0,720,319,"12,26,157","150000,30000,3-0",0,0,20,200,12000,0,0,3
468,天辉防御大队,21,3750,0,0,720,319,"134,157","2-5-30,4-0",0,0,50,200,12000,0,0,3
469,天辉骁骑营,23,3750,0,0,720,320,"53,100,157","50,5-5-15,4-0",0,0,40,250,15000,0,0,3
470,天辉铁卫营,23,3750,0,0,720,320,"14,101,157","25-2500,5-5-15,5-0",0,0,75,250,15000,0,0,3
471,沉默尖塔,24,25,0,0,0,100,"66,158,159","0.7-1000,7-7-15-5",0,0,75,0,50000,0,0,3
472,天辉神射营,23,3750,0,0,720,320,"52,105,157","300000,30,5-0",0,0,18,250,15000,0,0,3
473,天辉金甲营,24,3750,0,0,720,320,"83,157","75-35,3-0",0,0,45,250,25000,0,0,3
474,普拉斯多,26,3750,0,0,720,320,"13,160","35-5,18-3-80",0,0,50,250,25000,0,0,3
475,,50,500,0,100,100,50,,,0,0,100,0,0,0,0,3
476,小迪姆,309,320,0,120,20,100,,,0,0,0,1,100,0,0,3
477,红迪姆,309,450,0,140,30,100,,,0,0,0,2,200,0,0,3
478,孵化蝙蝠,310,400,0,180,20,300,,,0,0,0,3,300,0,0,3
479,迪教信徒,310,500,0,0,50,100,26,150,0,0,0,4,400,0,0,3
480,朽髅,311,700,0,450,50,100,3,10,0,0,0,5,500,0,0,3
481,黑迪姆,311,1200,0,350,100,100,,,0,0,0,6,600,0,0,3
482,阴影魔,312,800,0,400,150,100,6,50,0,0,0,8,800,0,0,3
483,魉卓怪,312,3200,0,650,120,100,,,0,0,0,10,1000,0,0,3
484,迪教教士,312,1500,0,300,180,100,26,300,0,0,0,11,1100,0,0,3
485,强朽髅,313,2400,0,950,150,100,3,15,0,0,0,13,1300,0,0,3
486,成体蝙蝠,313,1800,0,700,180,400,,,0,0,0,14,1400,0,0,3
487,下级甲儡,313,4000,0,550,450,100,,,0,0,0,15,1500,0,0,3
488,尖角迪姆,314,2500,0,980,400,100,4,3,0,0,0,16,1600,0,0,3
489,迪教杀手,314,3200,0,900,380,900,,,0,0,0,17,1700,0,0,3
490,血髅,315,3200,0,900,300,900,"3,68","10,20",0,0,0,18,1800,0,0,3
491,墙,315,3200,0,900,300,900,66,,0,0,0,19,1900,0,0,3
492,下级魔巢骑兵,316,3200,0,900,300,200,72,20-2,0,0,0,20,2000,0,0,3
493,迪教门徒,316,5000,0,800,600,100,"26,100","500,5-5-10",0,0,0,21,2100,0,0,3
494,迪迪姆,316,3200,0,900,300,100,,,0,0,0,0,20000,0,0,3
495,迪迪姆,317,3200,0,900,300,100,,,0,0,0,22,2400,0,0,3
496,超体蝙蝠,317,1800,0,700,180,900,104,1-0.2-10,0,0,0,23,2700,0,0,3
497,迪教游侠,318,3200,0,900,300,100,8,,0,0,0,24,3000,0,0,3
498,下级魔巢护卫,318,3200,0,900,300,100,"5,53","5,20",0,0,0,25,3300,0,0,3
499,中级甲儡,319,4000,0,550,450,100,,,0,0,0,27,3600,0,0,3
500,冥髅,319,4000,0,550,450,100,"3,11",10,0,0,0,28,3900,0,0,3
501,魉卓勇士,320,4000,0,550,450,100,13,20-3,0,0,0,29,4200,0,0,3
502,阴影迪魔,320,4000,0,550,450,100,"6,114",50,0,0,0,30,4500,0,0,3
503,迪教使徒,321,4000,0,550,450,100,"26,101","1800,5-5-10",0,0,0,32,5000,0,0,3
504,中级魔巢骑兵,321,3200,0,900,300,200,"36,72","1,25-2",0,0,0,34,5500,0,0,3
505,中级魔巢护卫,322,3200,0,900,300,100,"5,53","12,50",0,0,0,36,6000,0,0,3
506,苍白迪姆,322,4000,0,550,450,100,42,,0,0,0,38,6500,0,0,3
507,黑剑魔主,322,4000,0,550,450,100,80,3-10,0,0,0,0,50000,0,0,3
508,硬墙,321,3200,0,900,300,900,66,,0,0,0,30,5000,0,0,3
509,苍白蝙蝠,323,4000,0,550,450,100,41,2-50-200,0,0,0,40,7000,0,0,3
510,法髅,323,4000,0,550,450,100,"3,26","15,2000",0,0,0,40,7500,0,0,3
511,魉卓督军,324,4000,0,550,450,100,113,0-20,0,0,0,42,8000,0,0,3
512,迪教剑王,324,4000,0,550,450,100,,,0,0,0,44,8500,0,0,3
513,强冥髅,325,4000,0,550,450,100,"3,38","10,514-Monster02+05&8&0",0,0,0,0,0,0,0,3
514,强冥髅,325,4000,0,550,450,100,3,10,0,0,0,46,9000,0,0,3
515,上级魔巢护卫,325,3200,0,900,300,100,"5,53","15,80",0,0,0,48,9500,0,0,3
516,迪教圣徒,326,4000,0,550,450,100,"26,128","4000,5-5-50",0,0,0,50,10000,0,0,3
517,阴影魔王,327,4000,0,550,450,100,6,75,0,0,0,60,12000,0,0,3
518,上级魔巢骑兵,327,4000,0,550,450,100,"72,80","30-3,5-15",0,0,0,60,12000,0,0,3
519,上级甲儡,328,4000,0,550,450,100,,,0,0,0,70,14000,0,0,3
520,魔巢壁垒,328,100,0,550,450,100,"66,99",,0,0,0,70,14000,0,0,3
521,魔巢双子·左,328,4000,0,550,450,100,98,5,0,0,0,0,300000,0,0,3
522,魔巢双子·右,328,4000,0,550,450,100,26,7500,0,0,0,0,300000,0,0,3
523,迪迪姆,329,3200,0,900,300,100,,,0,0,0,100,16000,0,0,3
524,异化体蝙蝠,329,3200,0,900,300,100,29,1000,0,0,0,100,16000,0,0,3
525,葬髅,330,3200,0,900,300,100,3,25,0,0,0,120,18000,0,0,3
526,魉卓老祖,330,3200,0,900,300,100,"11,125",10000,0,0,0,120,18000,0,0,3
527,迪教剑圣,331,3200,0,900,300,100,,,0,0,0,140,20000,0,0,3
528,魔巢守护者,331,3200,0,900,300,100,"5,53","10,90",0,0,0,140,20000,0,0,3
529,魔巢黑骑王,332,3200,0,900,300,100,"72,116","25-2.5,5-20-300",0,0,0,160,22000,0,0,3
530,魔巢黑巫王,332,3200,0,900,300,100,"26,138","8000,100-80-80",0,0,0,160,22000,0,0,3
531,黑剑魔主,333,4000,0,550,450,100,"72,80","30-4,3-11",0,0,0,0,900000,0,0,3
532,血影魔兽,333,3200,0,900,300,100,,,0,0,0,180,25000,0,0,3
533,炎龙魔兽,333,3200,0,900,300,100,,,0,0,0,180,25000,0,0,3
534,魔巢贵族,334,3200,0,900,300,100,136,5-5-10,0,0,0,200,30000,0,0,3
535,强葬髅,334,3200,0,900,300,100,"6,26","99,1000",0,0,0,200,30000,0,0,3
536,暗渊近卫,335,3200,0,900,300,100,"47,53","5-0-100,99",0,0,0,225,35000,0,0,3
537,魔巢终极壁垒,335,110,0,900,300,100,"66,99",,0,0,0,225,35000,0,0,3
538,迪教最终兵器,336,3200,0,900,300,100,75,,0,0,0,250,40000,0,0,3
539,迪教狂热使徒,336,3200,0,900,300,100,37,0.1,0,0,0,250,40000,0,0,3
540,暗渊魔主,335,3200,0,900,300,100,,,0,0,0,0,0,0,0,3
541,迪迪姆,336,3200,0,900,300,100,26,10000,0,0,0,0,0,0,0,3
542,魔巢之主·迪,337,3200,0,900,300,100,"36,43,83,107","3,1250000-7,50-100,3",0,0,40,0,0,0,0,3
543,魔巢之主·渊,338,3200,0,900,300,100,"17,47,127","12000,6-5000-100,1800000-4",0,0,32,0,0,0,0,3
544,巢祖,338,3200,0,900,300,100,97,5-15,0,0,32,0,0,0,0,3
545,异化莱姆群落,24,3200,0,900,300,100,157,4-10,0,0,30,200,20000,0,0,3
546,异化蝙蝠群落,24,3200,0,900,300,100,157,5-10,0,0,30,200,20000,0,0,3
547,Code-铁拳,27,3200,0,900,300,100,"3,16,31","20,7-80000,35-3-20",0,0,50,300,30000,0,0,3
548,Code-猎鹰,27,3200,0,900,300,100,"3,70,105","16,10-60,80",0,0,40,300,30000,0,0,3
549,黑金魔像,26,3200,0,900,300,100,"14,44,139","35-10000,50-30000,15000",0,0,80,220,22000,0,0,3
550,晦暗法皇,26,3200,0,900,300,100,"12,26,62","300000,75000,80000-900-8&1",0,0,35,240,24000,0,0,3
551,晶骑士王,27,3200,0,900,300,100,"13,80,136","10-3,3-20,5-5-15",0,0,40,260,26000,0,0,3
552,异化能源枢纽,26,25,0,0,0,100,"158,159","2-100,7-7-15-5",0,0,75,0,50000,0,0,3
553,异化植物群落,24,3200,0,900,300,100,"29,157","100000,2-20",0,0,20,250,25000,0,0,3
554,嗅探式地雷,24,3200,0,0,0,100,"18,59,171","3,5-8000000-3000000",0,0,0,400,0,0,0,3
555,Code-圣殿骑士,28,3200,0,900,300,100,"3,72,100,101","70,20-3,5-5-25,5-5-25",0,0,50,4000,200000,0,0,3
556,异化要塞炮,28,3200,0,900,300,100,"18,29",500000,0,0,50,0,250000,0,0,3
557,异化改造兽人,27,3200,0,900,300,100,"11,25,29","5-600-50,80000",0,0,0,270,27000,0,0,3
558,晦暗陆战师,16,3200,0,800,300,100,"157,172","4-30,5-1500000-5-70-75-50",0,0,35,280,28000,0,0,3
559,Code-野狼,27,3200,0,900,300,100,"3,113,141","12,300-10,0.1-5",0,0,30,320,32000,0,0,3
560,Code-术士,27,3200,0,900,300,100,"3,26,91,92","10,50000,2,20",0,0,80,320,32000,0,0,3
561,异化传输节点,26,25,0,0,0,100,"158,159","2-100,7-7-15-5",0,0,75,0,40000,0,0,3
562,嘶啸之鳞,338,3200,0,900,300,100,"11,31,42,80","20-3-25,2-48",0,0,30,2500,300000,0,0,3
563,墨芳魅惑,338,3200,0,900,300,100,"26,42,60,89","90000,800-20,5-400000",0,0,30,2500,300000,0,0,3
564,Code-鬼王,27,3200,0,900,300,100,"3,13,144","50,100-3,5-5-5-10",0,0,0,200,35000,0,0,3
565,返角要塞枢纽,27,25,0,0,0,100,"40,159","500000,7-7-15-5",0,0,100,0,50000,0,0,3
566,晦暗陆战军,20,3200,0,800,300,100,"30,103,157","558-2,5-5-25,4-50",0,0,40,140,14000,0,0,3
567,Code-巨擘,27,25,0,800,300,100,"3,174,175","10,3200000-8-80,250000-3",0,0,25,200,35000,0,0,3
568,Code-根除者,28,25,0,800,300,100,"3,176","0,2000000-100-50",0,0,50,1000,100000,0,0,3
569,异化X-C生物,26,3200,0,900,300,100,29,3000,0,0,60,250,0,0,0,3
570,辐射异化X-C,26,3200,0,900,300,100,119,2000-200-500,0,0,0,250,0,0,0,3
571,起爆异化X-C,26,3200,0,900,300,100,"16,171","10-150000,10-8000000-4000000",0,0,80,250,0,0,0,3
572,超导异化X-C,26,3200,0,900,300,100,"97,133","5-5,5-5-500-25",0,0,40,250,0,0,0,3
573,魔力异化X-C,26,3200,0,900,300,100,"26,156","300000,0-0",0,0,30,300,0,0,0,3
574,石化X-C王兽,27,3200,0,900,300,100,"40,125","80000,300000-5",0,0,35,400,0,0,0,3
575,三途川X-C,27,3200,0,900,300,100,"48,142,154","250000-1000,8,250000-100",0,0,20,400,0,0,0,3
576,无限之X-C,27,3200,0,900,300,100,"68,72","100,30-2",0,0,0,400,0,0,0,3
577,极寒X-C王兽,27,3200,0,900,300,100,"90,155","5-50000-120,5-5-200000",0,0,50,400,0,0,0,3
578,X-C皇魉啄琦,27,1500,0,120,60,444,"6,11,13,148","75,25-7.5,5-10-5000-1",0,0,70,0,0,0,0,3
579,Code-狂热者,27,25,0,800,300,100,"3,36,128","10,10,5-5-100",0,0,35,200,35000,0,0,3
580,Code-收割者,27,25,0,800,300,100,"3,37","20,1",0,0,20,200,35000,0,0,3
581,Code-幽灵,27,25,0,800,300,100,"3,6,78,114","8,50,3-50000",0,0,40,200,35000,0,0,3
582,Code-根除者X4,28,25,0,800,300,100,"3,176","100,5000000-100-100",0,0,50,1000,200000,0,0,3
583,目力法影,23,25,0,800,300,100,"13,177","40-4,5-5-300",0,0,80,0,8000,0,0,3
584,星空浮游,21,26,0,800,300,100,13,50-4,0,0,50,100,5000,0,0,3
585,星河恐惧,21,26,0,800,300,100,"6,44","80,50-2500",0,0,40,100,5000,0,0,3
586,星炼吞噬者,22,26,0,800,300,100,"75,141",1-0.5,0,0,70,120,6000,0,0,3
587,宇宙辐照产物,22,26,0,800,300,100,103,5-5-50,0,0,0,120,6000,0,0,3
588,宇宙引力产物,22,26,0,800,300,100,133,5-5-1200-100,0,0,0,120,6000,0,0,3
589,尘照之触,22,26,0,800,300,100,"48,142","30000-300,3",0,0,50,140,7000,0,0,3
590,天位星炼师,23,26,0,800,300,100,"12,24,43","50000,40000&1,70000-3",0,0,70,160,8000,0,0,3
591,寅圣巡天使,23,26,0,800,300,100,"26,79,92","12000,1-100-15,15",0,0,90,160,8000,0,0,3
592,极恶星盗,21,26,0,800,300,100,"113,114",300-100,0,0,60,300,2000,0,0,3
593,星界反射镜力,23,26,0,800,300,100,"82,139","50,20000",0,0,45,160,9000,0,0,3
594,星界崇高力量,24,26,0,800,300,100,"139,178","25000,5-5-70-150",0,0,50,250,12000,0,0,3
595,巨型陨石,21,26,0,800,300,100,"17,18,157","100,6-0",0,0,0,100,5000,0,0,3
596,铁龙星盗,22,26,0,800,300,100,"42,60,140","200-0,5-1-5",0,0,50,140,7000,0,0,3
597,星盗暴徒,23,26,0,800,300,100,"31,75",30-3-35,0,0,70,160,9000,0,0,3
598,虚化辐射尘,23,26,0,800,300,100,"3,6,41","50,70,1-200-100",0,0,40,160,9000,0,0,3
599,星炼妖魅,24,26,0,800,300,100,"26,98,102","9000,5,5-5-1",0,0,50,180,10000,0,0,3
600,波粒羽翼,24,26,0,800,300,100,"16,52","9-15000,20000",0,0,60,180,10000,0,0,3
601,星空古生物,24,26,0,800,300,100,"11,22,179","30000,2-602&4-602&6-602&8-603",0,0,30,200,12000,0,0,3
602,星空古物质,23,26,0,800,300,100,119,8000-100-500,0,0,70,0,0,0,0,3
603,星空变异物质,23,26,0,800,300,100,154,8000-8,0,0,70,0,0,0,0,3
604,星盗芈影,24,26,0,800,300,100,"44,47,100,157","60-4000,5-0-50,5-5-20,3",0,0,75,250,12000,0,0,3
605,星盗暴君,24,26,0,800,300,100,"31,136","35-4-45,5-5-10",0,0,70,220,14000,0,0,3
606,星盗法王,24,26,0,800,300,100,"26,91","15000,2",0,0,90,220,14000,0,0,3
607,星盗之王-白垓,24,26,0,800,300,100,"104,107","8-2-0,1",0,0,75,50000,0,0,0,3
608,星盗之王-白垓,25,26,0,800,300,100,"104,107","12-3-0,1",0,0,75,0,10000,0,0,3
609,,50,500,0,100,100,50,,,0,0,100,0,0,0,0,3
610,方界猛袭战团,24,26,0,800,300,100,"31,157","20-3-30,3-0",0,0,60,250,30000,0,0,3
611,方界传奇剑圣,28,26,0,800,300,100,"31,160","20-4-30,16-2-40",0,0,65,200,40000,0,0,3
612,方界术法战团,24,26,0,800,300,100,"12,63,100,157","250000,3,5-5-10,2-0",0,0,70,250,30000,0,0,3
613,方界传奇术士,28,26,0,800,300,100,"12,63,101","300000,5,5-5-10",0,0,65,200,40000,0,0,3
614,方界守御战团,24,26,0,800,300,100,"42,134,157","2-5-70,4-0",0,0,50,300,35000,0,0,3
615,方界浑金壁垒,28,26,0,800,300,100,"18,53,75,128","50,5-5-200",0,0,70,250,50000,0,0,3
616,方界射影战团,24,26,0,800,300,100,"13,52,105,157","50-2,500000,50,1-0",0,0,40,300,35000,0,0,3
617,方界无影修罗,28,26,0,800,300,100,"78,114,181","1-50000,2-1-15",0,0,50,250,50000,0,0,3
618,圣光位面主教,28,26,0,800,300,100,"33,138","500000-200000,50-100-100",0,0,70,250,50000,0,0,3
619,圣光女祭司,28,26,0,800,300,100,"26,35","80000,400-100",0,0,60,250,45000,0,0,3
620,狂信者骑士长,28,26,0,800,300,100,"36,182,183","2,70-100-50,8-30",0,0,60,300,60000,0,0,3
621,节点-乾闼尔,31,26,0,800,300,100,"66,100",13-13-50,0,0,0,0,0,0,0,3
622,方界战皇,28,26,0,800,300,100,"72,108,136","20-1.5,300000-2000000,5-5-10",0,0,50,300,60000,0,0,3
623,方界纵横战团,24,26,0,800,300,100,"116,134,146,157",,0,0,60,250,40000,0,0,3
624,节点-迦楼迪亚,31,26,0,800,300,100,"18,178",13-13-50-100,0,0,0,0,0,0,0,3
625,枢机战争主教,29,26,0,800,300,100,"30,34,67","620-1,3,30-50",0,0,70,50,5000,0,0,3
626,灰烬行刑者,29,26,0,800,300,100,"72,184","10-5,5-5-500000-150000",0,0,75,200,50000,0,0,3
627,方界兽,28,26,0,800,300,100,"41,154","4-80-100,20000-20",0,0,50,0,10000,0,0,3
628,节点-加伊罗,31,26,0,800,300,100,"18,110,177","13-13-1500-75,9-9-100",0,0,0,0,0,0,0,3
629,节点-挪婆,31,26,0,800,300,100,"18,103,176","13-13-120,5000000-100-60",0,0,0,0,0,0,0,3
630,方界超兽,29,26,0,800,300,100,"29,41,141","100000,2-100-100,0.5-0",0,0,50,0,30000,0,0,3
631,遗忘的领唱者,29,26,0,800,300,100,"67,155","70-20,5-5-500000",0,0,110,500,300000,0,0,3
632,遗忘的壁垒,29,26,0,800,300,100,"18,53,75,101","50,5-5-15",0,0,70,300,60000,0,0,3
633,萨卡兰姆,29,26,0,800,300,100,"13,160","20-4,18-0-30",0,0,80,300,50000,0,0,3
634,圣所司事,29,26,0,800,300,100,"12,63,100","300000,5,5-5-15",0,0,90,300,50000,0,0,3
635,遗忘的修罗,29,26,0,800,300,100,"78,114,181","1-50000,2-1-15",0,0,75,300,60000,0,0,3
636,洞穴之王,29,26,0,800,300,100,"11,25,42",8-800-100,0,0,40,300,50000,0,0,3
637,冰棘之王,29,26,0,800,300,100,"26,89,97","100000,4-600000,5-4&1",0,0,60,300,60000,0,0,3
638,遗忘的巨石,29,26,0,800,300,100,"18,133",5-5-1200-50,0,0,75,300,60000,0,0,3
639,忠诚信使,29,26,0,800,300,100,"36,104","5,30-1-30",0,0,100,300,80000,0,0,3
640,海尔奥芬特,29,26,0,800,300,100,"26,43,102,126",,0,0,130,300,80000,0,0,3
641,解答者,29,26,0,800,300,100,"53,83,103","70,100-50,5-5-70",0,0,90,300,90000,0,0,3
642,方界的仆从,29,26,0,800,300,100,"35,49,98,118","800-100,5,1200000-800",0,0,75,400,90000,0,0,3
643,成年龙蝠,29,26,0,800,300,100,"18,37,154","0.8,600000-250",0,0,75,400,90000,0,0,3
644,假面护教者,29,26,0,800,300,100,"13,68,107","40-5,30,1",0,0,80,300,80000,0,0,3
645,血色牧羊人,29,26,0,800,300,100,"30,60","637-1&636-1,800-20",0,0,40,0,0,0,0,3
646,执行者,29,26,0,800,300,100,"72,184","10-8,5-5-750000-250000",0,0,75,300,80000,0,0,3
647,领唱者,29,26,0,800,300,100,"100,101","5-5-10,5-5-10",0,0,90,500,80000,0,0,3
648,奥术法影聚落,29,26,0,800,300,100,"44,92,157","200-50000,50,3-20",0,0,66,100,50000,0,0,3
649,咏唱者海法斯,29,26,0,800,300,100,"26,43,92","500000,5000000-5,100",0,0,110,5000,500000,0,0,3
650,锈蚀之刃,29,26,0,800,300,100,"3,13,36,70","100,20-5,10,8-120",0,0,80,5000,500000,0,0,3
651,锈蚀残刃,29,26,0,800,300,100,"3,13,36,70","10,20-3,5,8-80",0,0,80,0,0,0,0,3
652,隐身神符,20,100,0,0,0,100,185,,0,0,0,0,0,0,0,3
653,遗忘的教尊,29,26,0,800,300,100,"31,67,98,118","20-2-30,50-20,5,1500000-900",0,0,100,5000,500000,0,0,3
654,信赖之手,29,26,0,800,300,100,"83,103","100-70,9-9-70",0,0,110,5000,500000,0,0,3
655,？？？,30,26,0,800,300,100,"26,89,186",,0,0,75,0,0,0,0,3
656,训仙鸿,30,26,0,800,300,100,187,,0,0,80,0,0,0,0,3
657,,50,500,0,100,100,50,,,0,0,100,0,0,0,0,3
658,下级羽灵道兵,31,26,0,800,300,100,13,20-3,0,0,80,0,10000,0,0,3
659,赤龙战甲,31,26,0,800,300,100,"14,139","50-100000,200000",0,0,80,0,10000,0,0,3
660,下级天策道兵,31,26,0,800,300,100,"26,111","800000,10-35000000",0,0,75,0,10000,0,0,3
661,盘瓠幼仔,31,26,0,800,300,100,"25,100,188","5-2000-300,5-5-10",0,0,60,0,10000,0,0,3
662,下级贪狼道兵,31,26,0,800,300,100,"52,105","6000000,30",0,0,80,0,10000,0,0,3
663,瑶光凰儡,31,26,0,800,300,100,"22,102","9000000,5-5-1",0,0,90,0,20000,0,0,3
664,罗刹凰儡,31,26,0,800,300,100,"103,160","5-5-80,20-1-30",0,0,90,0,20000,0,0,3
665,蟠龙幼仔,31,26,0,800,300,100,"18,46",40-2,0,0,60,0,15000,0,0,3
666,黄泉幽鬼,31,26,0,800,300,100,"3,26,141","10,250000,1-0",0,0,70,0,15000,0,0,3
667,古代天魔,31,26,0,800,300,100,"36,116","2,8-25-1500",0,0,75,0,15000,0,0,3
668,辟空武魂,31,26,0,800,300,100,"42,68,177","25,7-7-100",0,0,80,0,15000,0,0,3
669,安德雷安,30,26,0,800,300,100,"46,190","25-1,50000000-8-3-40",0,0,110,0,0,0,0,3
670,无面尸仙,31,26,0,800,300,100,"26,67","1100000,25-20",0,0,83,0,25000,0,0,3
671,无面尸圣,31,26,0,800,300,100,"35,98","1500-0,8",0,0,83,0,25000,0,0,3
672,狂暴盘瓠幼仔,31,26,0,800,300,100,"25,100,188","5-2000-300,5-5-15",0,0,65,0,20000,0,0,3
673,流动的遗骸,31,26,0,800,300,100,"3,6","8,90",0,0,50,0,20000,0,0,3
674,下级破军道兵,31,26,0,800,300,100,"41,78","2-50-200,1-100000",0,0,75,0,20000,0,0,3
675,荆棘妖灵,31,26,0,800,300,100,"26,128","400000,5-5-200",0,0,0,0,25000,0,0,3
676,驭兽童,31,26,0,800,300,100,"60,138","2000-25,50-90-80",0,0,60,0,25000,0,0,3
677,天人侍卫,31,26,0,800,300,100,"53,145","50,3-12000000-25-400",0,0,80,0,25000,0,0,3
678,苍玄战甲,31,26,0,800,300,100,"75,191",40,0,0,100,0,25000,0,0,3
679,螣蛇幼仔,31,26,0,800,300,100,"45,113","20-800-45,800-10",0,0,75,0,30000,0,0,3
680,砂毒暴君,31,26,0,800,300,100,"119,125","2000000-25-1000,15000000-3",0,0,80,0,30000,0,0,3
681,旱魃之颅,31,26,0,800,300,100,"41,143,183",,0,0,70,0,30000,0,0,3
682,虺毒妖王,31,26,0,800,300,100,"29,148,192","3500000,5-25-25000-1,28000000-3",0,0,75,0,30000,0,0,3
683,冶鸟形鸠,32,26,0,800,300,100,189,5,0,0,90,0,50000,0,0,3
684,岱舆长右,204,26,0,800,300,100,193,1500-150,0,0,76,0,0,0,0,3
685,岱舆长右勇士,204,26,0,800,300,100,"13,193","20-2,1500-150",0,0,65,0,0,0,0,3
686,岱舆长右巨兽,204,26,0,800,300,100,"97,193","5-5,1500-150",0,0,50,0,0,0,0,3
687,鲭海巨妖,211,26,0,800,300,100,156,0-0,0,0,0,0,1,0,0,3
688,欧洛巴士,30,26,0,800,300,100,"16,68,192","8-7500000,20,80000000-5",0,0,50,0,0,0,0,3
689,煌叶守御道兵,31,26,0,800,300,100,"18,42,134,139","2-8-80,500000",0,0,75,0,30000,0,0,3
690,煌叶绝杀道兵,31,26,0,800,300,100,"42,72,81,177","10-2,80000000,5-5-500",0,0,80,0,30000,0,0,3
691,无面尸佛,31,26,0,800,300,100,"71,96,155",,0,0,75,0,25000,0,0,3
692,极乐小鬼,28,50,0,0,0,100,"66,67,192","50-25,5000000-5",0,0,0,0,0,0,0,3
693,寒冷印记,204,100,0,0,0,100,133,5-5-1500-0,0,0,0,0,0,0,0,3
694,猰貐真灵,213,26,0,800,300,100,"70,100,101,194",,0,0,100,0,0,0,0,3
695,？？？,30,26,0,800,300,100,"16,68,192","8-7500000,20,80000000-5",0,0,50,0,0,0,0,3
696,中级羽灵道兵,32,26,0,800,300,100,"4,13","15,20-3",0,0,55,0,10000,0,0,3
697,中级天策道兵,32,26,0,800,300,100,"26,111","1750000,10-90000000",0,0,70,0,10000,0,0,3
698,中级破军道兵,32,26,0,800,300,100,"41,78","3-30-300,0.5-200000",0,0,40,0,10000,0,0,3
699,朝闻道者,32,26,0,800,300,100,"3,54,114","10,60",0,0,40,0,10000,0,0,3
700,奉贤殿侍从,32,26,0,800,300,100,"118,194","12000000-1800,5-5-35",0,0,30,0,10000,0,0,3
701,酣巨人奴仆,32,26,0,800,300,100,104,50-1-30,0,0,75,0,15000,0,0,3
702,宁海长右,32,26,0,800,300,100,"69,84","80-7,30000000-20000-15",0,0,40,0,15000,0,0,3
703,延维幼仔,32,26,0,800,300,100,"6,12,195","25,5000000,15000000-2",0,0,60,0,15000,0,0,3
704,破虚战甲,32,26,0,800,300,100,"81,177","80000000,5-5-500",0,0,60,0,15000,0,0,3
705,杀星凰儡,32,26,0,800,300,100,"31,136","20-3-25,5-5-10",0,0,50,0,20000,0,0,3
706,帝释凰儡,32,26,0,800,300,100,"13,196","5-20,5-5-8-35000000",0,0,50,0,20000,0,0,3
707,复社教徒,32,26,0,800,300,100,"26,126","2000000,8-20000000-500",0,0,70,0,20000,0,0,3
708,精锐赤龙战甲,32,26,0,800,300,100,"14,53,139","50-200000,50,320000",0,0,80,0,20000,0,0,3
709,中级贪狼道兵,32,26,0,800,300,100,"105,188",30,0,0,80,0,20000,0,0,3
710,古代阿修罗,32,26,0,800,300,100,"36,37","6,0.1",0,0,72,0,25000,0,0,3
711,厉角巫祭,32,26,0,800,300,100,"3,26,192","15,2500000,50000000-3",0,0,35,0,25000,0,0,3
712,宁海长右勇士,32,26,0,800,300,100,"42,84",20000000-20000-15,0,0,70,0,25000,0,0,3
713,昆仑道兵,32,26,0,800,300,100,"18,191",30,0,0,75,0,25000,0,0,3
714,何罗之鳝,32,26,0,800,300,100,"171,182",,0,0,20,0,30000,0,0,3
715,煌叶赤水督军,32,26,0,800,300,100,159,5-5-10-5,0,0,78,0,30000,0,0,3
716,夜魅幼体,32,26,0,800,300,100,"33,138","5000000-5000000,50-90-90",0,0,50,0,30000,0,0,3
717,索魂灵王,32,26,0,800,300,100,"3,17,70","30,500000,1-200",0,0,75,0,29999,0,0,3
718,布伦希尔德,30,26,0,800,300,100,"24,184,197",,0,0,75,0,0,0,0,3
719,司彘长右,205,26,0,800,300,100,65,1000000-10-1,0,0,60,0,0,0,0,3
720,司彘长右长兄,205,26,0,800,300,100,"26,198","1200000,100",0,0,80,0,0,0,0,3
721,司彘长右勇士,205,26,0,800,300,100,"31,65","25-2-15,2000000-10-1",0,0,65,0,0,0,0,3
722,司彘长右巨兽,205,26,0,800,300,100,"46,65","10-1,3000000-10-1",0,0,50,0,0,0,0,3
723,司彘长右司祭,205,26,0,800,300,100,"65,77","2000000-10-1,20-8",0,0,65,0,0,0,0,3
724,司彘图腾,212,26,0,800,300,100,70,1-300,0,0,80,0,1,0,0,3
725,无面尸尊,31,26,0,800,300,100,"71,198","726-Monster15+01&4&150,0",0,0,75,0,25000,0,0,3
726,自在小鬼,28,50,0,0,0,100,"35,66,195","0-0,5000000-2",0,0,0,0,0,0,0,3
727,尤洛瑞,30,26,0,800,300,100,"72,80,199","15-3,1-100,6-20000000&1",0,0,50,0,0,0,0,3
728,巨鳄勇士,207,26,0,800,300,100,"18,46",10-2,0,0,75,0,0,0,0,3
729,走鹃之炎,207,100,0,0,0,100,"66,171",1-50000000-50000000,0,0,0,0,0,0,0,3
730,无齿翼龙,207,26,0,800,300,100,"6,178","80,5-5-100-200",0,0,120,0,0,0,0,3
731,乳齿巨像,207,26,0,800,300,100,14,80-200000,0,0,50,0,0,0,0,3
732,多智龙王,210,26,0,800,300,100,"17,18",1500000,0,0,75,0,1,0,0,3
733,未知力场,207,1,0,0,0,100,156,0,0,0,0,0,0,0,0,3
734,达戈诺娃,30,26,0,800,300,100,206,10-4-5-20,0,0,80,0,0,0,0,3
735,煌叶守御道兵,207,26,0,800,300,100,"18,42,134,139","2-8-80,650000",0,0,75,0,0,0,0,3
736,煌叶绝杀道兵,207,26,0,800,300,100,"42,72,81,177","10-2,80000000,5-5-500",0,0,60,0,0,0,0,3
737,塞缇娜,30,26,0,800,300,100,"59,177,208,209",,0,0,75,0,0,0,0,3
738,煌叶天玄秘宗,207,26,0,800,300,100,"8,26,42",2400000,0,0,70,0,0,0,0,3
739,煌叶奇袭道兵,207,26,0,800,300,100,"42,83,116","45-75,7-40-2500",0,0,55,0,0,0,0,3
740,煌叶太安功曹,213,26,0,800,300,100,156,0-0,0,0,75,0,1,0,0,3
741,训仙鸿,30,26,0,800,300,100,"210,211,212,214",,0,0,70,0,0,0,0,3
742,迪迦基,30,26,0,800,300,100,"155,207","3-3-0,13-13-50-50",0,0,75,0,0,0,0,3
743,无面尸祖,33,26,0,800,300,100,"35,156","2500-0,100",0,0,85,0,80000,0,0,3
744,米斯特瑞德,30,26,0,800,300,100,"215,216",,0,0,90,0,10000,0,0,3
745,西·埃克斯,30,26,0,800,300,100,"217,218","80000,6-8-20",0,0,70,0,10000,0,0,3
746,祖灵宁海长右,33,26,0,800,300,100,"83,84","25-75,20000000-20000-10",0,0,40,0,0,0,0,3
747,混沌宁海长右,33,26,0,800,300,100,"75,84",30000000-20000-10,0,0,60,0,0,0,0,3
748,镇界行龙,221,26,0,800,297,100,"187,212",100-100,0,0,200,0,0,0,0,3
749,赤■仙■,231,26,0,800,297,100,"70,212,220",,0,0,125,0,0,0,0,3
750,,50,500,0,100,100,50,,,0,0,100,0,0,0,0,3
751,上级羽灵道兵,33,26,0,800,300,100,"4,72","25,10-2",0,0,80,0,10000,0,0,3
752,上级天策道兵,33,26,0,800,300,100,"26,40,194","3000000,2500000,5-5-25",0,0,80,0,10000,0,0,3
753,巴蛇幼仔,33,26,0,800,300,100,"68,94","50,3-7000000",0,0,60,0,10000,0,0,3
754,宁海长右巨兽,33,26,0,800,300,100,84,30000000-20000-15,0,0,60,0,10000,0,0,3
755,赤水蠃鱼,33,26,0,800,300,100,"202,203","50000000-7-50,1200000",0,0,72,0,10000,0,0,3
756,上级贪狼道兵,33,26,0,800,300,100,204,200-1,0,0,80,0,15000,0,0,3
757,往生冥卫,33,26,0,800,300,100,"3,26,205","10,3400000,300-1",0,0,80,0,15000,0,0,3
758,涿光寓鸟,33,26,0,800,300,100,"6,70,107","40,1-200,3",0,0,60,0,7500,0,0,3
759,双生涿光寓鸟,33,26,0,800,300,100,135,0-0-M20&758-2,0,0,60,0,15000,0,0,3
760,碧落冥卫,33,26,0,800,300,100,"3,53,195","20,80,35000000-2",0,0,88,0,15000,0,0,3
761,血滴子,33,26,0,800,300,100,206,10-2-3-10,0,0,120,0,20000,0,0,3
762,玉京仙灵,33,26,0,800,300,100,"147,213","20-1500000,3-3-20-30",0,0,65,0,20000,0,0,3
763,归墟噩梦,33,26,0,800,300,100,"42,54,193","25,2500-150",0,0,80,0,20000,0,0,3
764,林海相柳,33,26,0,800,300,100,"18,78",0.5-500000,0,0,100,0,20000,0,0,3
765,煌叶林海司祭,33,26,0,800,300,100,"26,102,177,214",,0,0,66,0,20000,0,0,3
766,大衍寓鸟,33,26,0,800,300,100,"6,37,107","50,0.1,4",0,0,50,0,12500,0,0,3
767,双生大衍寓鸟,33,26,0,800,300,100,135,0-0-M20&766-2,0,0,60,0,25000,0,0,3
768,神垕骁骑,33,26,0,800,300,100,"13,116,188","2-40,10-15-2000",0,0,70,0,25000,0,0,3
769,南明离火,33,26,0,800,300,100,"17,103,106","1000000,5-5-50,5000000-5",0,0,75,0,25000,0,0,3
770,三生凰儡,33,26,0,800,300,100,"26,159","2500000,7-7-15-5",0,0,86,0,25000,0,0,3
771,拜火少司,206,26,0,800,297,100,"26,106","2400000,15000000-4",0,0,85,0,0,0,0,3
772,天吴图腾,206,26,0,800,297,100,"32,43","90-50000000,40000000-6",0,0,0,0,0,0,0,3
773,九幽玄火,206,26,0,800,300,100,"17,197","1000000,5-5-8-50000000-5",0,0,100,0,0,0,0,3
774,南明离火,206,26,0,800,300,100,"17,103,106","1000000,5-5-50,5000000-5",0,0,100,0,0,0,0,3
775,玄冥图腾,206,26,0,800,300,100,"95,219","25,7-7-1",0,0,50,0,0,0,0,3
776,大焚星君,206,26,0,800,297,100,"17,82","500000,50",0,0,90,0,0,0,0,3
777,神垕图腾,206,26,0,800,297,100,"31,196","20-2-50,7-7-8-70000000",0,0,50,0,0,0,0,3
778,无垢仙灵,206,26,0,800,300,100,"107,213","2,3-3-20-30",0,0,85,0,0,0,0,3
779,拜火大司,206,26,0,800,297,100,"26,106","2800000,18000000-5",0,0,85,0,0,0,0,3
780,姑逢獙獙,206,26,0,800,297,100,"54,190","50,50000000-3-3-10",0,0,30,0,0,0,0,3
781,玄都玉驹,206,26,0,800,297,100,"114,118",20000000-2000,0,0,60,0,0,0,0,3
782,司辰巫士,206,26,0,800,297,100,"42,75,217",25000,0,0,30,0,0,0,0,3
783,天人阿修罗,206,26,0,800,297,100,"36,37,108","7,0.2,3000000-25000000",0,0,100,0,0,0,0,3
784,鑫火帝君,220,26,0,800,297,100,"26,70,184,212",,0,0,100,0,0,0,0,3
785,神垕古皇,220,26,0,800,297,100,"72,107,136,212","5-10,1,9-9-10,30-200",0,0,100,0,0,0,0,3
786,枉死星君,206,26,0,800,297,100,"53,96,177,195","75,0-0.1,7-7-300,50000000-2",0,0,100,0,0,0,0,3
787,神垕骁骑,206,26,0,800,300,100,"13,116,188","2-40,10-15-2000",0,0,70,0,0,0,0,3
788,大衍寓鸟,206,26,0,800,300,100,"6,37,107","50,0.1,4",0,0,110,0,0,0,0,3
789,四世凰儡,206,26,0,800,300,100,"26,159","2500000,7-7-15-5",0,0,86,0,0,0,0,3
790,无间业火道兵,206,26,0,800,297,100,"80,199","1-200,6-50000000&1",0,0,90,0,0,0,0,3
791,玲珑凰儡,206,26,0,800,297,100,"26,43,92","3500000,50000000-8,15",0,0,120,0,0,0,0,3
792,无影的炼,30,3750,0,0,720,320,"70,106,107,108",,0,0,75,0,0,0,0,3
793,夕死者,33,26,0,800,297,100,"3,54,114,192","10,70,100000000-1",0,0,70,0,25000,0,0,3
794,盘瓠氏少年,33,26,0,800,297,100,"72,189,193,221","25-1.5,1,2500-120,25",0,0,130,0,30000,0,0,3
795,西烈诸犍,33,26,0,800,297,100,"14,17,94","50-1000000,3000000,8-180000000",0,0,100,0,30000,0,0,3
796,天虞冰夷,33,26,0,800,297,100,"6,133,155","40,7-7-2000-50,5-5-50000000",0,0,80,0,30000,0,0,3
797,酣巨人豢兵,33,26,0,800,300,100,"40,104","20000000,50-1-30",0,0,100,0,25000,0,0,3
798,玲珑凰儡,33,26,0,800,297,100,"26,43,92","3500000,50000000-8,15",0,0,70,0,30000,0,0,3
799,无间业火道兵,33,26,0,800,297,100,"80,199","1-200,6-50000000&1",0,0,90,0,30000,0,0,3
800,血湮,30,26,0,800,297,100,"31,181,191,222","25-2-50,5-1-1,25,90-15&1",0,0,80,0,0,0,0,3
801,远古赏金神符,34,100,0,100,100,100,"66,192,195,214,223","1-5,1-5,1-5",0,0,0,2500,0,0,0,3
802,无名,30,26,0,800,297,100,"83,224,225","50-25,240000000-4,18-25-40",0,0,82,0,0,0,0,3
803,样例,206,26,0,800,297,100,,,0,0,50,0,0,0,0,3
804,样例,206,26,0,800,297,100,,,0,0,50,0,0,0,0,3
805,样例,206,26,0,800,297,100,,,0,0,50,0,0,0,0,3
806,,50,500,0,100,100,50,,,0,0,100,0,0,0,0,3
807,,50,500,0,100,100,50,,,0,0,100,0,0,0,0,3
808,,50,500,0,100,100,50,,,0,0,100,0,0,0,0,3
809,,50,500,0,100,100,50,,,0,0,100,0,0,0,0,3
810,,50,500,0,100,100,50,,,0,0,100,0,0,0,0,3
811,,50,500,0,100,100,50,,,0,0,100,0,0,0,0,3
812,,50,500,0,100,100,50,,,0,0,100,0,0,0,0,3
813,,50,500,0,100,100,50,,,0,0,100,0,0,0,0,3
814,,50,500,0,100,100,50,,,0,0,100,0,0,0,0,3
815,,50,500,0,100,100,50,,,0,0,100,0,0,0,0,3
816,,50,500,0,100,100,50,,,0,0,100,0,0,0,0,3
817,,50,500,0,100,100,50,,,0,0,100,0,0,0,0,3
818,,50,500,0,100,100,50,,,0,0,100,0,0,0,0,3
819,,50,500,0,100,100,50,,,0,0,100,0,0,0,0,3
820,,50,500,0,100,100,50,,,0,0,100,0,0,0,0,3
821,,50,500,0,100,100,50,,,0,0,100,0,0,0,0,3
822,,50,500,0,100,100,50,,,0,0,100,0,0,0,0,3
823,,50,500,0,100,100,50,,,0,0,100,0,0,0,0,3
824,,50,500,0,100,100,50,,,0,0,100,0,0,0,0,3
825,,50,500,0,100,100,50,,,0,0,100,0,0,0,0,3
826,,50,500,0,100,100,50,,,0,0,100,0,0,0,0,3
827,,50,500,0,100,100,50,,,0,0,100,0,0,0,0,3
828,,50,500,0,100,100,50,,,0,0,100,0,0,0,0,3
829,,50,500,0,100,100,50,,,0,0,100,0,0,0,0,3
830,,50,500,0,100,100,50,,,0,0,100,0,0,0,0,3
831,,50,500,0,100,100,50,,,0,0,100,0,0,0,0,3
832,,50,500,0,100,100,50,,,0,0,100,0,0,0,0,3
833,,50,500,0,100,100,50,,,0,0,100,0,0,0,0,3
834,,50,500,0,100,100,50,,,0,0,100,0,0,0,0,3
835,,50,500,0,100,100,50,,,0,0,100,0,0,0,0,3
836,,50,500,0,100,100,50,,,0,0,100,0,0,0,0,3
837,,50,500,0,100,100,50,,,0,0,100,0,0,0,0,3
838,,50,500,0,100,100,50,,,0,0,100,0,0,0,0,3
839,,50,500,0,100,100,50,,,0,0,100,0,0,0,0,3
840,,50,500,0,100,100,50,,,0,0,100,0,0,0,0,3
841,,50,500,0,100,100,50,,,0,0,100,0,0,0,0,3
842,,50,500,0,100,100,50,,,0,0,100,0,0,0,0,3
843,,50,500,0,100,100,50,,,0,0,100,0,0,0,0,3
844,,50,500,0,100,100,50,,,0,0,100,0,0,0,0,3
845,,50,500,0,100,100,50,,,0,0,100,0,0,0,0,3
846,,50,500,0,100,100,50,,,0,0,100,0,0,0,0,3
847,,50,500,0,100,100,50,,,0,0,100,0,0,0,0,3
848,,50,500,0,100,100,50,,,0,0,100,0,0,0,0,3
849,,50,500,0,100,100,50,,,0,0,100,0,0,0,0,3
850,,50,500,0,100,100,50,,,0,0,100,0,0,0,0,3
851,,50,500,0,100,100,50,,,0,0,100,0,0,0,0,3
852,,50,500,0,100,100,50,,,0,0,100,0,0,0,0,3
853,,50,500,0,100,100,50,,,0,0,100,0,0,0,0,3
854,,50,500,0,100,100,50,,,0,0,100,0,0,0,0,3
855,,50,500,0,100,100,50,,,0,0,100,0,0,0,0,3
856,,50,500,0,100,100,50,,,0,0,100,0,0,0,0,3
857,,50,500,0,100,100,50,,,0,0,100,0,0,0,0,3
858,,50,500,0,100,100,50,,,0,0,100,0,0,0,0,3
859,,50,500,0,100,100,50,,,0,0,100,0,0,0,0,3
860,,50,500,0,100,100,50,,,0,0,100,0,0,0,0,3
861,,50,500,0,100,100,50,,,0,0,100,0,0,0,0,3
862,,50,500,0,100,100,50,,,0,0,100,0,0,0,0,3
863,,50,500,0,100,100,50,,,0,0,100,0,0,0,0,3
864,,50,500,0,100,100,50,,,0,0,100,0,0,0,0,3
865,,50,500,0,100,100,50,,,0,0,100,0,0,0,0,3
866,,50,500,0,100,100,50,,,0,0,100,0,0,0,0,3
867,,50,500,0,100,100,50,,,0,0,100,0,0,0,0,3
868,,50,500,0,100,100,50,,,0,0,100,0,0,0,0,3
869,,50,500,0,100,100,50,,,0,0,100,0,0,0,0,3
870,,50,500,0,100,100,50,,,0,0,100,0,0,0,0,3
871,,50,500,0,100,100,50,,,0,0,100,0,0,0,0,3
872,,50,500,0,100,100,50,,,0,0,100,0,0,0,0,3
873,,50,500,0,100,100,50,,,0,0,100,0,0,0,0,3
874,,50,500,0,100,100,50,,,0,0,100,0,0,0,0,3
875,,50,500,0,100,100,50,,,0,0,100,0,0,0,0,3
876,,50,500,0,100,100,50,,,0,0,100,0,0,0,0,3
877,,50,500,0,100,100,50,,,0,0,100,0,0,0,0,3
878,,50,500,0,100,100,50,,,0,0,100,0,0,0,0,3
879,,50,500,0,100,100,50,,,0,0,100,0,0,0,0,3
880,,50,500,0,100,100,50,,,0,0,100,0,0,0,0,3
881,,50,500,0,100,100,50,,,0,0,100,0,0,0,0,3
882,,50,500,0,100,100,50,,,0,0,100,0,0,0,0,3
883,,50,500,0,100,100,50,,,0,0,100,0,0,0,0,3
884,,50,500,0,100,100,50,,,0,0,100,0,0,0,0,3
885,,50,500,0,100,100,50,,,0,0,100,0,0,0,0,3
886,,50,500,0,100,100,50,,,0,0,100,0,0,0,0,3
887,,50,500,0,100,100,50,,,0,0,100,0,0,0,0,3
888,,50,500,0,100,100,50,,,0,0,100,0,0,0,0,3
889,,50,500,0,100,100,50,,,0,0,100,0,0,0,0,3
890,,50,500,0,100,100,50,,,0,0,100,0,0,0,0,3
891,,50,500,0,100,100,50,,,0,0,100,0,0,0,0,3
892,,50,500,0,100,100,50,,,0,0,100,0,0,0,0,3
893,,50,500,0,100,100,50,,,0,0,100,0,0,0,0,3
894,,50,500,0,100,100,50,,,0,0,100,0,0,0,0,3
895,,50,500,0,100,100,50,,,0,0,100,0,0,0,0,3
896,,50,500,0,100,100,50,,,0,0,100,0,0,0,0,3
897,,50,500,0,100,100,50,,,0,0,100,0,0,0,0,3
898,,50,500,0,100,100,50,,,0,0,100,0,0,0,0,3
899,,50,500,0,100,100,50,,,0,0,100,0,0,0,0,3
900,,50,500,0,100,100,50,,,0,0,100,0,0,0,0,3
901,,50,500,0,100,100,50,,,0,0,100,0,0,0,0,3
902,,50,500,0,100,100,50,,,0,0,100,0,0,0,0,3
903,,50,500,0,100,100,50,,,0,0,100,0,0,0,0,3
904,,50,500,0,100,100,50,,,0,0,100,0,0,0,0,3
905,,50,500,0,100,100,50,,,0,0,100,0,0,0,0,3
906,,50,500,0,100,100,50,,,0,0,100,0,0,0,0,3
907,,50,500,0,100,100,50,,,0,0,100,0,0,0,0,3
908,,50,500,0,100,100,50,,,0,0,100,0,0,0,0,3
909,,50,500,0,100,100,50,,,0,0,100,0,0,0,0,3
910,,50,500,0,100,100,50,,,0,0,100,0,0,0,0,3
911,,50,500,0,100,100,50,,,0,0,100,0,0,0,0,3
912,,50,500,0,100,100,50,,,0,0,100,0,0,0,0,3
913,,50,500,0,100,100,50,,,0,0,100,0,0,0,0,3
914,,50,500,0,100,100,50,,,0,0,100,0,0,0,0,3
915,,50,500,0,100,100,50,,,0,0,100,0,0,0,0,3
916,,50,500,0,100,100,50,,,0,0,100,0,0,0,0,3
917,,50,500,0,100,100,50,,,0,0,100,0,0,0,0,3
918,,50,500,0,100,100,50,,,0,0,100,0,0,0,0,3
919,,50,500,0,100,100,50,,,0,0,100,0,0,0,0,3
920,,50,500,0,100,100,50,,,0,0,100,0,0,0,0,3
921,,50,500,0,100,100,50,,,0,0,100,0,0,0,0,3
922,,50,500,0,100,100,50,,,0,0,100,0,0,0,0,3
923,,50,500,0,100,100,50,,,0,0,100,0,0,0,0,3
924,,50,500,0,100,100,50,,,0,0,100,0,0,0,0,3
925,,50,500,0,100,100,50,,,0,0,100,0,0,0,0,3
926,,50,500,0,100,100,50,,,0,0,100,0,0,0,0,3
927,,50,500,0,100,100,50,,,0,0,100,0,0,0,0,3
928,,50,500,0,100,100,50,,,0,0,100,0,0,0,0,3
929,,50,500,0,100,100,50,,,0,0,100,0,0,0,0,3
930,,50,500,0,100,100,50,,,0,0,100,0,0,0,0,3
931,,50,500,0,100,100,50,,,0,0,100,0,0,0,0,3
932,,50,500,0,100,100,50,,,0,0,100,0,0,0,0,3
933,,50,500,0,100,100,50,,,0,0,100,0,0,0,0,3
934,,50,500,0,100,100,50,,,0,0,100,0,0,0,0,3
935,,50,500,0,100,100,50,,,0,0,100,0,0,0,0,3
936,,50,500,0,100,100,50,,,0,0,100,0,0,0,0,3
937,,50,500,0,100,100,50,,,0,0,100,0,0,0,0,3
938,,50,500,0,100,100,50,,,0,0,100,0,0,0,0,3
939,,50,500,0,100,100,50,,,0,0,100,0,0,0,0,3
940,,50,500,0,100,100,50,,,0,0,100,0,0,0,0,3
941,,50,500,0,100,100,50,,,0,0,100,0,0,0,0,3
942,,50,500,0,100,100,50,,,0,0,100,0,0,0,0,3
943,,50,500,0,100,100,50,,,0,0,100,0,0,0,0,3
944,,50,500,0,100,100,50,,,0,0,100,0,0,0,0,3
945,,50,500,0,100,100,50,,,0,0,100,0,0,0,0,3
946,,50,500,0,100,100,50,,,0,0,100,0,0,0,0,3
947,,50,500,0,100,100,50,,,0,0,100,0,0,0,0,3
948,,50,500,0,100,100,50,,,0,0,100,0,0,0,0,3
949,,50,500,0,100,100,50,,,0,0,100,0,0,0,0,3
950,,50,500,0,100,100,50,,,0,0,100,0,0,0,0,3
951,,50,500,0,100,100,50,,,0,0,100,0,0,0,0,3
952,,50,500,0,100,100,50,,,0,0,100,0,0,0,0,3
953,,50,500,0,100,100,50,,,0,0,100,0,0,0,0,3
954,,50,500,0,100,100,50,,,0,0,100,0,0,0,0,3
955,,50,500,0,100,100,50,,,0,0,100,0,0,0,0,3
956,,50,500,0,100,100,50,,,0,0,100,0,0,0,0,3
957,,50,500,0,100,100,50,,,0,0,100,0,0,0,0,3
958,,50,500,0,100,100,50,,,0,0,100,0,0,0,0,3
959,,50,500,0,100,100,50,,,0,0,100,0,0,0,0,3
960,,50,500,0,100,100,50,,,0,0,100,0,0,0,0,3
961,,50,500,0,100,100,50,,,0,0,100,0,0,0,0,3
962,,50,500,0,100,100,50,,,0,0,100,0,0,0,0,3
963,,50,500,0,100,100,50,,,0,0,100,0,0,0,0,3
964,,50,500,0,100,100,50,,,0,0,100,0,0,0,0,3
965,,50,500,0,100,100,50,,,0,0,100,0,0,0,0,3
966,,50,500,0,100,100,50,,,0,0,100,0,0,0,0,3
967,,50,500,0,100,100,50,,,0,0,100,0,0,0,0,3
968,,50,500,0,100,100,50,,,0,0,100,0,0,0,0,3
969,,50,500,0,100,100,50,,,0,0,100,0,0,0,0,3
970,,50,500,0,100,100,50,,,0,0,100,0,0,0,0,3
971,,50,500,0,100,100,50,,,0,0,100,0,0,0,0,3
972,,50,500,0,100,100,50,,,0,0,100,0,0,0,0,3
973,,50,500,0,100,100,50,,,0,0,100,0,0,0,0,3
974,,50,500,0,100,100,50,,,0,0,100,0,0,0,0,3
975,,50,500,0,100,100,50,,,0,0,100,0,0,0,0,3
976,,50,500,0,100,100,50,,,0,0,100,0,0,0,0,3
977,,50,500,0,100,100,50,,,0,0,100,0,0,0,0,3
978,,50,500,0,100,100,50,,,0,0,100,0,0,0,0,3
979,,50,500,0,100,100,50,,,0,0,100,0,0,0,0,3
980,,50,500,0,100,100,50,,,0,0,100,0,0,0,0,3
981,,50,500,0,100,100,50,,,0,0,100,0,0,0,0,3
982,,50,500,0,100,100,50,,,0,0,100,0,0,0,0,3
983,,50,500,0,100,100,50,,,0,0,100,0,0,0,0,3
984,,50,500,0,100,100,50,,,0,0,100,0,0,0,0,3
985,,50,500,0,100,100,50,,,0,0,100,0,0,0,0,3
986,,50,500,0,100,100,50,,,0,0,100,0,0,0,0,3
987,,50,500,0,100,100,50,,,0,0,100,0,0,0,0,3
988,,50,500,0,100,100,50,,,0,0,100,0,0,0,0,3
989,,50,500,0,100,100,50,,,0,0,100,0,0,0,0,3
990,,50,500,0,100,100,50,,,0,0,100,0,0,0,0,3
991,,50,500,0,100,100,50,,,0,0,100,0,0,0,0,3
992,,50,500,0,100,100,50,,,0,0,100,0,0,0,0,3
993,,50,500,0,100,100,50,,,0,0,100,0,0,0,0,3
994,,50,500,0,100,100,50,,,0,0,100,0,0,0,0,3
995,,50,500,0,100,100,50,,,0,0,100,0,0,0,0,3
996,极其强大的怪物,32,500,0,100,100,50,18,,0,0,100,0,0,0,0,3
997,极其强大的怪物,332,500,0,100,100,50,,,0,0,100,0,0,0,0,3
998,无敌阻激,45,1873,0,388,185,270,"18,36,72,80","5,100-100,1-99",0,0,25,99999,99999,0,0,3
999,小怪兽,1,114514,0,114,514,213,199,,0,0,0,12450,0,0,0,3
